-- phpMyAdmin SQL Dump
-- version 5.2.0
-- https://www.phpmyadmin.net/
--
-- Host: 127.0.0.1
-- Tempo de geração: 20-Mar-2024 às 02:12
-- Versão do servidor: 10.4.27-MariaDB
-- versão do PHP: 8.2.0

SET SQL_MODE = "NO_AUTO_VALUE_ON_ZERO";
START TRANSACTION;
SET time_zone = "+00:00";


/*!40101 SET @OLD_CHARACTER_SET_CLIENT=@@CHARACTER_SET_CLIENT */;
/*!40101 SET @OLD_CHARACTER_SET_RESULTS=@@CHARACTER_SET_RESULTS */;
/*!40101 SET @OLD_COLLATION_CONNECTION=@@COLLATION_CONNECTION */;
/*!40101 SET NAMES utf8mb4 */;

--
-- Banco de dados: `crud_fanfic`
--

-- --------------------------------------------------------

--
-- Estrutura da tabela `capitulos`
--

CREATE TABLE `capitulos` (
  `id_capitulo` int(11) NOT NULL,
  `cap` varchar(255) NOT NULL,
  `titulo` varchar(255) NOT NULL,
  `texto` text NOT NULL,
  `fanfic_id` int(11) NOT NULL
) ENGINE=InnoDB DEFAULT CHARSET=utf8mb4 COLLATE=utf8mb4_general_ci;

--
-- Extraindo dados da tabela `capitulos`
--

INSERT INTO `capitulos` (`id_capitulo`, `cap`, `titulo`, `texto`, `fanfic_id`) VALUES
(15, 'Capítulo 1', 'Teste 1', 'Lorem ipsum dolor sit amet. Aut dolores sapiente aut error voluptatibus ut consectetur galisum et ipsam consequatur. Ea reiciendis quasi sit quis placeat est porro nesciunt cum sint ipsam eos itaque dolores non repellat commodi in reiciendis dolor. Ea natus architecto ut tenetur porro aut galisum galisum eum officiis minima. Rem culpa quia in officia assumenda nam dicta minus nam consectetur ipsam in fuga voluptatem qui soluta iure aut reprehenderit earum. Id internos fuga quo consectetur nisi et autem nostrum et veritatis consequatur ab nesciunt sint aut soluta aspernatur et fuga suscipit? Est voluptates voluptatibus vel nemo aperiam sed aliquid tenetur aut inventore nostrum rem aspernatur aperiam? Et earum repudiandae qui dolor fugiat At galisum vitae rem nostrum voluptatem 33 adipisci animi qui obcaecati similique. Non omnis quam quo omnis minima ut ullam voluptatem est ducimus voluptas.\r\n\r\nAut facere dolorem 33 repellendus ipsum sed voluptatum placeat? Et dolore commodi non excepturi eius est voluptatem animi eum voluptatem iure ut perferendis placeat sit mollitia Quis sed sequi facere. Aut voluptatem quisquam et consequatur repudiandae et recusandae ratione ut quidem quia. Aut voluptas tempore est corrupti voluptatem ea fugiat sint. At quidem suscipit eos repellat voluptatem et quaerat recusandae qui ipsa incidunt non voluptatem recusandae. Qui perferendis voluptatem aut architecto consequatur et repellat esse ea odit praesentium. Ad Quis laboriosam ut culpa minus vel officia dignissimos in mollitia internos est suscipit dolorem ea accusantium modi. Ea ipsum optio aut alias laudantium et officiis quod aut voluptas dignissimos qui quis cumque et nobis doloribus. Eum sequi ipsum vel soluta possimus eos doloremque repellendus et nostrum voluptates qui quia autem. Ea dolor culpa quo unde cupiditate ut explicabo repudiandae nam placeat officiis aut laudantium iusto et praesentium ipsam. Et soluta consequatur qui sunt nostrum ut incidunt enim eum odio omnis?\r\n\r\nEt beatae quaerat sed enim assumenda quo sapiente temporibus ut fugiat magni et facilis quis 33 deserunt veritatis. Ab itaque harum eum dolorum voluptas cum quasi corrupti At similique neque et quia nemo. Ut tenetur corrupti sed blanditiis voluptate et soluta dignissimos sed obcaecati quisquam eum fugit eius ut quos voluptatem. Ea numquam voluptatem et quia dolores non fuga dignissimos et rerum repellendus? Ut similique labore non fuga nemo hic suscipit natus eum cumque excepturi. Sit dignissimos eaque qui voluptas dolorem 33 itaque iusto. Qui dolorem quam vel inventore unde cum eveniet optio aut recusandae molestiae sit voluptatem fugit. Ad recusandae repellendus est alias expedita aut dicta illo vel harum impedit. Ut ducimus illum sit velit unde non fugit ullam eos enim quae aut laboriosam Quis At rerum galisum ut ipsam ipsam. Qui harum dolorem aut mollitia explicabo ut fugit impedit ea porro velit id saepe blanditiis ea vero omnis cum dolorem omnis. Est ipsum officia et molestias reprehenderit aut sequi itaque.\r\n\r\nQui galisum dicta aut expedita rerum et nostrum quasi sed inventore corporis aut totam quos At enim unde. Et perferendis eaque et inventore repellat hic aperiam molestiae ut ipsum omnis nam repellendus totam et dolorum omnis ut eius asperiores. Et sint commodi non repellendus obcaecati sed maxime quasi 33 deserunt quia aut blanditiis odio. Non aspernatur voluptate qui sapiente rerum est vero sint sed iste possimus At sapiente earum in aliquid nemo. Eos numquam animi et nihil minus est distinctio omnis est quaerat pariatur? A dolorum harum in quia adipisci ab odio voluptas? Sed architecto dolorum non voluptatem amet ea praesentium sint! Ea deleniti distinctio sed vitae laborum aut dolorum necessitatibus rem corrupti nostrum ut quaerat vitae et molestiae similique.', 12),
(16, 'Capítulo 2', 'Teste 2', 'Lorem ipsum dolor sit amet. Aut dolores sapiente aut error voluptatibus ut consectetur galisum et ipsam consequatur. Ea reiciendis quasi sit quis placeat est porro nesciunt cum sint ipsam eos itaque dolores non repellat commodi in reiciendis dolor. Ea natus architecto ut tenetur porro aut galisum galisum eum officiis minima. Rem culpa quia in officia assumenda nam dicta minus nam consectetur ipsam in fuga voluptatem qui soluta iure aut reprehenderit earum. Id internos fuga quo consectetur nisi et autem nostrum et veritatis consequatur ab nesciunt sint aut soluta aspernatur et fuga suscipit? Est voluptates voluptatibus vel nemo aperiam sed aliquid tenetur aut inventore nostrum rem aspernatur aperiam? Et earum repudiandae qui dolor fugiat At galisum vitae rem nostrum voluptatem 33 adipisci animi qui obcaecati similique. Non omnis quam quo omnis minima ut ullam voluptatem est ducimus voluptas.\r\n\r\nAut facere dolorem 33 repellendus ipsum sed voluptatum placeat? Et dolore commodi non excepturi eius est voluptatem animi eum voluptatem iure ut perferendis placeat sit mollitia Quis sed sequi facere. Aut voluptatem quisquam et consequatur repudiandae et recusandae ratione ut quidem quia. Aut voluptas tempore est corrupti voluptatem ea fugiat sint. At quidem suscipit eos repellat voluptatem et quaerat recusandae qui ipsa incidunt non voluptatem recusandae. Qui perferendis voluptatem aut architecto consequatur et repellat esse ea odit praesentium. Ad Quis laboriosam ut culpa minus vel officia dignissimos in mollitia internos est suscipit dolorem ea accusantium modi. Ea ipsum optio aut alias laudantium et officiis quod aut voluptas dignissimos qui quis cumque et nobis doloribus. Eum sequi ipsum vel soluta possimus eos doloremque repellendus et nostrum voluptates qui quia autem. Ea dolor culpa quo unde cupiditate ut explicabo repudiandae nam placeat officiis aut laudantium iusto et praesentium ipsam. Et soluta consequatur qui sunt nostrum ut incidunt enim eum odio omnis?\r\n\r\nEt beatae quaerat sed enim assumenda quo sapiente temporibus ut fugiat magni et facilis quis 33 deserunt veritatis. Ab itaque harum eum dolorum voluptas cum quasi corrupti At similique neque et quia nemo. Ut tenetur corrupti sed blanditiis voluptate et soluta dignissimos sed obcaecati quisquam eum fugit eius ut quos voluptatem. Ea numquam voluptatem et quia dolores non fuga dignissimos et rerum repellendus? Ut similique labore non fuga nemo hic suscipit natus eum cumque excepturi. Sit dignissimos eaque qui voluptas dolorem 33 itaque iusto. Qui dolorem quam vel inventore unde cum eveniet optio aut recusandae molestiae sit voluptatem fugit. Ad recusandae repellendus est alias expedita aut dicta illo vel harum impedit. Ut ducimus illum sit velit unde non fugit ullam eos enim quae aut laboriosam Quis At rerum galisum ut ipsam ipsam. Qui harum dolorem aut mollitia explicabo ut fugit impedit ea porro velit id saepe blanditiis ea vero omnis cum dolorem omnis. Est ipsum officia et molestias reprehenderit aut sequi itaque.\r\n\r\nQui galisum dicta aut expedita rerum et nostrum quasi sed inventore corporis aut totam quos At enim unde. Et perferendis eaque et inventore repellat hic aperiam molestiae ut ipsum omnis nam repellendus totam et dolorum omnis ut eius asperiores. Et sint commodi non repellendus obcaecati sed maxime quasi 33 deserunt quia aut blanditiis odio. Non aspernatur voluptate qui sapiente rerum est vero sint sed iste possimus At sapiente earum in aliquid nemo. Eos numquam animi et nihil minus est distinctio omnis est quaerat pariatur? A dolorum harum in quia adipisci ab odio voluptas? Sed architecto dolorum non voluptatem amet ea praesentium sint! Ea deleniti distinctio sed vitae laborum aut dolorum necessitatibus rem corrupti nostrum ut quaerat vitae et molestiae similique.', 12),
(17, 'Capítulo 1', 'Teste 1', 'Lorem ipsum dolor sit amet. Aut dolores sapiente aut error voluptatibus ut consectetur galisum et ipsam consequatur. Ea reiciendis quasi sit quis placeat est porro nesciunt cum sint ipsam eos itaque dolores non repellat commodi in reiciendis dolor. Ea natus architecto ut tenetur porro aut galisum galisum eum officiis minima. Rem culpa quia in officia assumenda nam dicta minus nam consectetur ipsam in fuga voluptatem qui soluta iure aut reprehenderit earum. Id internos fuga quo consectetur nisi et autem nostrum et veritatis consequatur ab nesciunt sint aut soluta aspernatur et fuga suscipit? Est voluptates voluptatibus vel nemo aperiam sed aliquid tenetur aut inventore nostrum rem aspernatur aperiam? Et earum repudiandae qui dolor fugiat At galisum vitae rem nostrum voluptatem 33 adipisci animi qui obcaecati similique. Non omnis quam quo omnis minima ut ullam voluptatem est ducimus voluptas.\r\n\r\nAut facere dolorem 33 repellendus ipsum sed voluptatum placeat? Et dolore commodi non excepturi eius est voluptatem animi eum voluptatem iure ut perferendis placeat sit mollitia Quis sed sequi facere. Aut voluptatem quisquam et consequatur repudiandae et recusandae ratione ut quidem quia. Aut voluptas tempore est corrupti voluptatem ea fugiat sint. At quidem suscipit eos repellat voluptatem et quaerat recusandae qui ipsa incidunt non voluptatem recusandae. Qui perferendis voluptatem aut architecto consequatur et repellat esse ea odit praesentium. Ad Quis laboriosam ut culpa minus vel officia dignissimos in mollitia internos est suscipit dolorem ea accusantium modi. Ea ipsum optio aut alias laudantium et officiis quod aut voluptas dignissimos qui quis cumque et nobis doloribus. Eum sequi ipsum vel soluta possimus eos doloremque repellendus et nostrum voluptates qui quia autem. Ea dolor culpa quo unde cupiditate ut explicabo repudiandae nam placeat officiis aut laudantium iusto et praesentium ipsam. Et soluta consequatur qui sunt nostrum ut incidunt enim eum odio omnis?\r\n\r\nEt beatae quaerat sed enim assumenda quo sapiente temporibus ut fugiat magni et facilis quis 33 deserunt veritatis. Ab itaque harum eum dolorum voluptas cum quasi corrupti At similique neque et quia nemo. Ut tenetur corrupti sed blanditiis voluptate et soluta dignissimos sed obcaecati quisquam eum fugit eius ut quos voluptatem. Ea numquam voluptatem et quia dolores non fuga dignissimos et rerum repellendus? Ut similique labore non fuga nemo hic suscipit natus eum cumque excepturi. Sit dignissimos eaque qui voluptas dolorem 33 itaque iusto. Qui dolorem quam vel inventore unde cum eveniet optio aut recusandae molestiae sit voluptatem fugit. Ad recusandae repellendus est alias expedita aut dicta illo vel harum impedit. Ut ducimus illum sit velit unde non fugit ullam eos enim quae aut laboriosam Quis At rerum galisum ut ipsam ipsam. Qui harum dolorem aut mollitia explicabo ut fugit impedit ea porro velit id saepe blanditiis ea vero omnis cum dolorem omnis. Est ipsum officia et molestias reprehenderit aut sequi itaque.\r\n\r\nQui galisum dicta aut expedita rerum et nostrum quasi sed inventore corporis aut totam quos At enim unde. Et perferendis eaque et inventore repellat hic aperiam molestiae ut ipsum omnis nam repellendus totam et dolorum omnis ut eius asperiores. Et sint commodi non repellendus obcaecati sed maxime quasi 33 deserunt quia aut blanditiis odio. Non aspernatur voluptate qui sapiente rerum est vero sint sed iste possimus At sapiente earum in aliquid nemo. Eos numquam animi et nihil minus est distinctio omnis est quaerat pariatur? A dolorum harum in quia adipisci ab odio voluptas? Sed architecto dolorum non voluptatem amet ea praesentium sint! Ea deleniti distinctio sed vitae laborum aut dolorum necessitatibus rem corrupti nostrum ut quaerat vitae et molestiae similique.', 19),
(18, 'Capítulo 2', 'Teste 2', 'Lorem ipsum dolor sit amet. Aut dolores sapiente aut error voluptatibus ut consectetur galisum et ipsam consequatur. Ea reiciendis quasi sit quis placeat est porro nesciunt cum sint ipsam eos itaque dolores non repellat commodi in reiciendis dolor. Ea natus architecto ut tenetur porro aut galisum galisum eum officiis minima. Rem culpa quia in officia assumenda nam dicta minus nam consectetur ipsam in fuga voluptatem qui soluta iure aut reprehenderit earum. Id internos fuga quo consectetur nisi et autem nostrum et veritatis consequatur ab nesciunt sint aut soluta aspernatur et fuga suscipit? Est voluptates voluptatibus vel nemo aperiam sed aliquid tenetur aut inventore nostrum rem aspernatur aperiam? Et earum repudiandae qui dolor fugiat At galisum vitae rem nostrum voluptatem 33 adipisci animi qui obcaecati similique. Non omnis quam quo omnis minima ut ullam voluptatem est ducimus voluptas.\r\n\r\nAut facere dolorem 33 repellendus ipsum sed voluptatum placeat? Et dolore commodi non excepturi eius est voluptatem animi eum voluptatem iure ut perferendis placeat sit mollitia Quis sed sequi facere. Aut voluptatem quisquam et consequatur repudiandae et recusandae ratione ut quidem quia. Aut voluptas tempore est corrupti voluptatem ea fugiat sint. At quidem suscipit eos repellat voluptatem et quaerat recusandae qui ipsa incidunt non voluptatem recusandae. Qui perferendis voluptatem aut architecto consequatur et repellat esse ea odit praesentium. Ad Quis laboriosam ut culpa minus vel officia dignissimos in mollitia internos est suscipit dolorem ea accusantium modi. Ea ipsum optio aut alias laudantium et officiis quod aut voluptas dignissimos qui quis cumque et nobis doloribus. Eum sequi ipsum vel soluta possimus eos doloremque repellendus et nostrum voluptates qui quia autem. Ea dolor culpa quo unde cupiditate ut explicabo repudiandae nam placeat officiis aut laudantium iusto et praesentium ipsam. Et soluta consequatur qui sunt nostrum ut incidunt enim eum odio omnis?\r\n\r\nEt beatae quaerat sed enim assumenda quo sapiente temporibus ut fugiat magni et facilis quis 33 deserunt veritatis. Ab itaque harum eum dolorum voluptas cum quasi corrupti At similique neque et quia nemo. Ut tenetur corrupti sed blanditiis voluptate et soluta dignissimos sed obcaecati quisquam eum fugit eius ut quos voluptatem. Ea numquam voluptatem et quia dolores non fuga dignissimos et rerum repellendus? Ut similique labore non fuga nemo hic suscipit natus eum cumque excepturi. Sit dignissimos eaque qui voluptas dolorem 33 itaque iusto. Qui dolorem quam vel inventore unde cum eveniet optio aut recusandae molestiae sit voluptatem fugit. Ad recusandae repellendus est alias expedita aut dicta illo vel harum impedit. Ut ducimus illum sit velit unde non fugit ullam eos enim quae aut laboriosam Quis At rerum galisum ut ipsam ipsam. Qui harum dolorem aut mollitia explicabo ut fugit impedit ea porro velit id saepe blanditiis ea vero omnis cum dolorem omnis. Est ipsum officia et molestias reprehenderit aut sequi itaque.\r\n\r\nQui galisum dicta aut expedita rerum et nostrum quasi sed inventore corporis aut totam quos At enim unde. Et perferendis eaque et inventore repellat hic aperiam molestiae ut ipsum omnis nam repellendus totam et dolorum omnis ut eius asperiores. Et sint commodi non repellendus obcaecati sed maxime quasi 33 deserunt quia aut blanditiis odio. Non aspernatur voluptate qui sapiente rerum est vero sint sed iste possimus At sapiente earum in aliquid nemo. Eos numquam animi et nihil minus est distinctio omnis est quaerat pariatur? A dolorum harum in quia adipisci ab odio voluptas? Sed architecto dolorum non voluptatem amet ea praesentium sint! Ea deleniti distinctio sed vitae laborum aut dolorum necessitatibus rem corrupti nostrum ut quaerat vitae et molestiae similique.', 19),
(19, 'Capítulo 1', 'Teste 1', 'Lorem ipsum dolor sit amet. Aut dolores sapiente aut error voluptatibus ut consectetur galisum et ipsam consequatur. Ea reiciendis quasi sit quis placeat est porro nesciunt cum sint ipsam eos itaque dolores non repellat commodi in reiciendis dolor. Ea natus architecto ut tenetur porro aut galisum galisum eum officiis minima. Rem culpa quia in officia assumenda nam dicta minus nam consectetur ipsam in fuga voluptatem qui soluta iure aut reprehenderit earum. Id internos fuga quo consectetur nisi et autem nostrum et veritatis consequatur ab nesciunt sint aut soluta aspernatur et fuga suscipit? Est voluptates voluptatibus vel nemo aperiam sed aliquid tenetur aut inventore nostrum rem aspernatur aperiam? Et earum repudiandae qui dolor fugiat At galisum vitae rem nostrum voluptatem 33 adipisci animi qui obcaecati similique. Non omnis quam quo omnis minima ut ullam voluptatem est ducimus voluptas.\r\n\r\nAut facere dolorem 33 repellendus ipsum sed voluptatum placeat? Et dolore commodi non excepturi eius est voluptatem animi eum voluptatem iure ut perferendis placeat sit mollitia Quis sed sequi facere. Aut voluptatem quisquam et consequatur repudiandae et recusandae ratione ut quidem quia. Aut voluptas tempore est corrupti voluptatem ea fugiat sint. At quidem suscipit eos repellat voluptatem et quaerat recusandae qui ipsa incidunt non voluptatem recusandae. Qui perferendis voluptatem aut architecto consequatur et repellat esse ea odit praesentium. Ad Quis laboriosam ut culpa minus vel officia dignissimos in mollitia internos est suscipit dolorem ea accusantium modi. Ea ipsum optio aut alias laudantium et officiis quod aut voluptas dignissimos qui quis cumque et nobis doloribus. Eum sequi ipsum vel soluta possimus eos doloremque repellendus et nostrum voluptates qui quia autem. Ea dolor culpa quo unde cupiditate ut explicabo repudiandae nam placeat officiis aut laudantium iusto et praesentium ipsam. Et soluta consequatur qui sunt nostrum ut incidunt enim eum odio omnis?\r\n\r\nEt beatae quaerat sed enim assumenda quo sapiente temporibus ut fugiat magni et facilis quis 33 deserunt veritatis. Ab itaque harum eum dolorum voluptas cum quasi corrupti At similique neque et quia nemo. Ut tenetur corrupti sed blanditiis voluptate et soluta dignissimos sed obcaecati quisquam eum fugit eius ut quos voluptatem. Ea numquam voluptatem et quia dolores non fuga dignissimos et rerum repellendus? Ut similique labore non fuga nemo hic suscipit natus eum cumque excepturi. Sit dignissimos eaque qui voluptas dolorem 33 itaque iusto. Qui dolorem quam vel inventore unde cum eveniet optio aut recusandae molestiae sit voluptatem fugit. Ad recusandae repellendus est alias expedita aut dicta illo vel harum impedit. Ut ducimus illum sit velit unde non fugit ullam eos enim quae aut laboriosam Quis At rerum galisum ut ipsam ipsam. Qui harum dolorem aut mollitia explicabo ut fugit impedit ea porro velit id saepe blanditiis ea vero omnis cum dolorem omnis. Est ipsum officia et molestias reprehenderit aut sequi itaque.\r\n\r\nQui galisum dicta aut expedita rerum et nostrum quasi sed inventore corporis aut totam quos At enim unde. Et perferendis eaque et inventore repellat hic aperiam molestiae ut ipsum omnis nam repellendus totam et dolorum omnis ut eius asperiores. Et sint commodi non repellendus obcaecati sed maxime quasi 33 deserunt quia aut blanditiis odio. Non aspernatur voluptate qui sapiente rerum est vero sint sed iste possimus At sapiente earum in aliquid nemo. Eos numquam animi et nihil minus est distinctio omnis est quaerat pariatur? A dolorum harum in quia adipisci ab odio voluptas? Sed architecto dolorum non voluptatem amet ea praesentium sint! Ea deleniti distinctio sed vitae laborum aut dolorum necessitatibus rem corrupti nostrum ut quaerat vitae et molestiae similique.', 20),
(20, 'Capítulo 2', 'Teste 2', 'Lorem ipsum dolor sit amet. Aut dolores sapiente aut error voluptatibus ut consectetur galisum et ipsam consequatur. Ea reiciendis quasi sit quis placeat est porro nesciunt cum sint ipsam eos itaque dolores non repellat commodi in reiciendis dolor. Ea natus architecto ut tenetur porro aut galisum galisum eum officiis minima. Rem culpa quia in officia assumenda nam dicta minus nam consectetur ipsam in fuga voluptatem qui soluta iure aut reprehenderit earum. Id internos fuga quo consectetur nisi et autem nostrum et veritatis consequatur ab nesciunt sint aut soluta aspernatur et fuga suscipit? Est voluptates voluptatibus vel nemo aperiam sed aliquid tenetur aut inventore nostrum rem aspernatur aperiam? Et earum repudiandae qui dolor fugiat At galisum vitae rem nostrum voluptatem 33 adipisci animi qui obcaecati similique. Non omnis quam quo omnis minima ut ullam voluptatem est ducimus voluptas.\r\n\r\nAut facere dolorem 33 repellendus ipsum sed voluptatum placeat? Et dolore commodi non excepturi eius est voluptatem animi eum voluptatem iure ut perferendis placeat sit mollitia Quis sed sequi facere. Aut voluptatem quisquam et consequatur repudiandae et recusandae ratione ut quidem quia. Aut voluptas tempore est corrupti voluptatem ea fugiat sint. At quidem suscipit eos repellat voluptatem et quaerat recusandae qui ipsa incidunt non voluptatem recusandae. Qui perferendis voluptatem aut architecto consequatur et repellat esse ea odit praesentium. Ad Quis laboriosam ut culpa minus vel officia dignissimos in mollitia internos est suscipit dolorem ea accusantium modi. Ea ipsum optio aut alias laudantium et officiis quod aut voluptas dignissimos qui quis cumque et nobis doloribus. Eum sequi ipsum vel soluta possimus eos doloremque repellendus et nostrum voluptates qui quia autem. Ea dolor culpa quo unde cupiditate ut explicabo repudiandae nam placeat officiis aut laudantium iusto et praesentium ipsam. Et soluta consequatur qui sunt nostrum ut incidunt enim eum odio omnis?\r\n\r\nEt beatae quaerat sed enim assumenda quo sapiente temporibus ut fugiat magni et facilis quis 33 deserunt veritatis. Ab itaque harum eum dolorum voluptas cum quasi corrupti At similique neque et quia nemo. Ut tenetur corrupti sed blanditiis voluptate et soluta dignissimos sed obcaecati quisquam eum fugit eius ut quos voluptatem. Ea numquam voluptatem et quia dolores non fuga dignissimos et rerum repellendus? Ut similique labore non fuga nemo hic suscipit natus eum cumque excepturi. Sit dignissimos eaque qui voluptas dolorem 33 itaque iusto. Qui dolorem quam vel inventore unde cum eveniet optio aut recusandae molestiae sit voluptatem fugit. Ad recusandae repellendus est alias expedita aut dicta illo vel harum impedit. Ut ducimus illum sit velit unde non fugit ullam eos enim quae aut laboriosam Quis At rerum galisum ut ipsam ipsam. Qui harum dolorem aut mollitia explicabo ut fugit impedit ea porro velit id saepe blanditiis ea vero omnis cum dolorem omnis. Est ipsum officia et molestias reprehenderit aut sequi itaque.\r\n\r\nQui galisum dicta aut expedita rerum et nostrum quasi sed inventore corporis aut totam quos At enim unde. Et perferendis eaque et inventore repellat hic aperiam molestiae ut ipsum omnis nam repellendus totam et dolorum omnis ut eius asperiores. Et sint commodi non repellendus obcaecati sed maxime quasi 33 deserunt quia aut blanditiis odio. Non aspernatur voluptate qui sapiente rerum est vero sint sed iste possimus At sapiente earum in aliquid nemo. Eos numquam animi et nihil minus est distinctio omnis est quaerat pariatur? A dolorum harum in quia adipisci ab odio voluptas? Sed architecto dolorum non voluptatem amet ea praesentium sint! Ea deleniti distinctio sed vitae laborum aut dolorum necessitatibus rem corrupti nostrum ut quaerat vitae et molestiae similique.', 20),
(21, 'Capítulo 1', 'Teste 1', 'Lorem ipsum dolor sit amet. Aut dolores sapiente aut error voluptatibus ut consectetur galisum et ipsam consequatur. Ea reiciendis quasi sit quis placeat est porro nesciunt cum sint ipsam eos itaque dolores non repellat commodi in reiciendis dolor. Ea natus architecto ut tenetur porro aut galisum galisum eum officiis minima. Rem culpa quia in officia assumenda nam dicta minus nam consectetur ipsam in fuga voluptatem qui soluta iure aut reprehenderit earum. Id internos fuga quo consectetur nisi et autem nostrum et veritatis consequatur ab nesciunt sint aut soluta aspernatur et fuga suscipit? Est voluptates voluptatibus vel nemo aperiam sed aliquid tenetur aut inventore nostrum rem aspernatur aperiam? Et earum repudiandae qui dolor fugiat At galisum vitae rem nostrum voluptatem 33 adipisci animi qui obcaecati similique. Non omnis quam quo omnis minima ut ullam voluptatem est ducimus voluptas.\r\n\r\nAut facere dolorem 33 repellendus ipsum sed voluptatum placeat? Et dolore commodi non excepturi eius est voluptatem animi eum voluptatem iure ut perferendis placeat sit mollitia Quis sed sequi facere. Aut voluptatem quisquam et consequatur repudiandae et recusandae ratione ut quidem quia. Aut voluptas tempore est corrupti voluptatem ea fugiat sint. At quidem suscipit eos repellat voluptatem et quaerat recusandae qui ipsa incidunt non voluptatem recusandae. Qui perferendis voluptatem aut architecto consequatur et repellat esse ea odit praesentium. Ad Quis laboriosam ut culpa minus vel officia dignissimos in mollitia internos est suscipit dolorem ea accusantium modi. Ea ipsum optio aut alias laudantium et officiis quod aut voluptas dignissimos qui quis cumque et nobis doloribus. Eum sequi ipsum vel soluta possimus eos doloremque repellendus et nostrum voluptates qui quia autem. Ea dolor culpa quo unde cupiditate ut explicabo repudiandae nam placeat officiis aut laudantium iusto et praesentium ipsam. Et soluta consequatur qui sunt nostrum ut incidunt enim eum odio omnis?\r\n\r\nEt beatae quaerat sed enim assumenda quo sapiente temporibus ut fugiat magni et facilis quis 33 deserunt veritatis. Ab itaque harum eum dolorum voluptas cum quasi corrupti At similique neque et quia nemo. Ut tenetur corrupti sed blanditiis voluptate et soluta dignissimos sed obcaecati quisquam eum fugit eius ut quos voluptatem. Ea numquam voluptatem et quia dolores non fuga dignissimos et rerum repellendus? Ut similique labore non fuga nemo hic suscipit natus eum cumque excepturi. Sit dignissimos eaque qui voluptas dolorem 33 itaque iusto. Qui dolorem quam vel inventore unde cum eveniet optio aut recusandae molestiae sit voluptatem fugit. Ad recusandae repellendus est alias expedita aut dicta illo vel harum impedit. Ut ducimus illum sit velit unde non fugit ullam eos enim quae aut laboriosam Quis At rerum galisum ut ipsam ipsam. Qui harum dolorem aut mollitia explicabo ut fugit impedit ea porro velit id saepe blanditiis ea vero omnis cum dolorem omnis. Est ipsum officia et molestias reprehenderit aut sequi itaque.\r\n\r\nQui galisum dicta aut expedita rerum et nostrum quasi sed inventore corporis aut totam quos At enim unde. Et perferendis eaque et inventore repellat hic aperiam molestiae ut ipsum omnis nam repellendus totam et dolorum omnis ut eius asperiores. Et sint commodi non repellendus obcaecati sed maxime quasi 33 deserunt quia aut blanditiis odio. Non aspernatur voluptate qui sapiente rerum est vero sint sed iste possimus At sapiente earum in aliquid nemo. Eos numquam animi et nihil minus est distinctio omnis est quaerat pariatur? A dolorum harum in quia adipisci ab odio voluptas? Sed architecto dolorum non voluptatem amet ea praesentium sint! Ea deleniti distinctio sed vitae laborum aut dolorum necessitatibus rem corrupti nostrum ut quaerat vitae et molestiae similique.', 12),
(22, 'Capítulo 2', 'Teste 2', 'Lorem ipsum dolor sit amet. Aut dolores sapiente aut error voluptatibus ut consectetur galisum et ipsam consequatur. Ea reiciendis quasi sit quis placeat est porro nesciunt cum sint ipsam eos itaque dolores non repellat commodi in reiciendis dolor. Ea natus architecto ut tenetur porro aut galisum galisum eum officiis minima. Rem culpa quia in officia assumenda nam dicta minus nam consectetur ipsam in fuga voluptatem qui soluta iure aut reprehenderit earum. Id internos fuga quo consectetur nisi et autem nostrum et veritatis consequatur ab nesciunt sint aut soluta aspernatur et fuga suscipit? Est voluptates voluptatibus vel nemo aperiam sed aliquid tenetur aut inventore nostrum rem aspernatur aperiam? Et earum repudiandae qui dolor fugiat At galisum vitae rem nostrum voluptatem 33 adipisci animi qui obcaecati similique. Non omnis quam quo omnis minima ut ullam voluptatem est ducimus voluptas.\r\n\r\nAut facere dolorem 33 repellendus ipsum sed voluptatum placeat? Et dolore commodi non excepturi eius est voluptatem animi eum voluptatem iure ut perferendis placeat sit mollitia Quis sed sequi facere. Aut voluptatem quisquam et consequatur repudiandae et recusandae ratione ut quidem quia. Aut voluptas tempore est corrupti voluptatem ea fugiat sint. At quidem suscipit eos repellat voluptatem et quaerat recusandae qui ipsa incidunt non voluptatem recusandae. Qui perferendis voluptatem aut architecto consequatur et repellat esse ea odit praesentium. Ad Quis laboriosam ut culpa minus vel officia dignissimos in mollitia internos est suscipit dolorem ea accusantium modi. Ea ipsum optio aut alias laudantium et officiis quod aut voluptas dignissimos qui quis cumque et nobis doloribus. Eum sequi ipsum vel soluta possimus eos doloremque repellendus et nostrum voluptates qui quia autem. Ea dolor culpa quo unde cupiditate ut explicabo repudiandae nam placeat officiis aut laudantium iusto et praesentium ipsam. Et soluta consequatur qui sunt nostrum ut incidunt enim eum odio omnis?\r\n\r\nEt beatae quaerat sed enim assumenda quo sapiente temporibus ut fugiat magni et facilis quis 33 deserunt veritatis. Ab itaque harum eum dolorum voluptas cum quasi corrupti At similique neque et quia nemo. Ut tenetur corrupti sed blanditiis voluptate et soluta dignissimos sed obcaecati quisquam eum fugit eius ut quos voluptatem. Ea numquam voluptatem et quia dolores non fuga dignissimos et rerum repellendus? Ut similique labore non fuga nemo hic suscipit natus eum cumque excepturi. Sit dignissimos eaque qui voluptas dolorem 33 itaque iusto. Qui dolorem quam vel inventore unde cum eveniet optio aut recusandae molestiae sit voluptatem fugit. Ad recusandae repellendus est alias expedita aut dicta illo vel harum impedit. Ut ducimus illum sit velit unde non fugit ullam eos enim quae aut laboriosam Quis At rerum galisum ut ipsam ipsam. Qui harum dolorem aut mollitia explicabo ut fugit impedit ea porro velit id saepe blanditiis ea vero omnis cum dolorem omnis. Est ipsum officia et molestias reprehenderit aut sequi itaque.\r\n\r\nQui galisum dicta aut expedita rerum et nostrum quasi sed inventore corporis aut totam quos At enim unde. Et perferendis eaque et inventore repellat hic aperiam molestiae ut ipsum omnis nam repellendus totam et dolorum omnis ut eius asperiores. Et sint commodi non repellendus obcaecati sed maxime quasi 33 deserunt quia aut blanditiis odio. Non aspernatur voluptate qui sapiente rerum est vero sint sed iste possimus At sapiente earum in aliquid nemo. Eos numquam animi et nihil minus est distinctio omnis est quaerat pariatur? A dolorum harum in quia adipisci ab odio voluptas? Sed architecto dolorum non voluptatem amet ea praesentium sint! Ea deleniti distinctio sed vitae laborum aut dolorum necessitatibus rem corrupti nostrum ut quaerat vitae et molestiae similique.', 12),
(23, 'Capítulo 1', 'Teste 1', 'Lorem ipsum dolor sit amet. Aut dolores sapiente aut error voluptatibus ut consectetur galisum et ipsam consequatur. Ea reiciendis quasi sit quis placeat est porro nesciunt cum sint ipsam eos itaque dolores non repellat commodi in reiciendis dolor. Ea natus architecto ut tenetur porro aut galisum galisum eum officiis minima. Rem culpa quia in officia assumenda nam dicta minus nam consectetur ipsam in fuga voluptatem qui soluta iure aut reprehenderit earum. Id internos fuga quo consectetur nisi et autem nostrum et veritatis consequatur ab nesciunt sint aut soluta aspernatur et fuga suscipit? Est voluptates voluptatibus vel nemo aperiam sed aliquid tenetur aut inventore nostrum rem aspernatur aperiam? Et earum repudiandae qui dolor fugiat At galisum vitae rem nostrum voluptatem 33 adipisci animi qui obcaecati similique. Non omnis quam quo omnis minima ut ullam voluptatem est ducimus voluptas.\r\n\r\nAut facere dolorem 33 repellendus ipsum sed voluptatum placeat? Et dolore commodi non excepturi eius est voluptatem animi eum voluptatem iure ut perferendis placeat sit mollitia Quis sed sequi facere. Aut voluptatem quisquam et consequatur repudiandae et recusandae ratione ut quidem quia. Aut voluptas tempore est corrupti voluptatem ea fugiat sint. At quidem suscipit eos repellat voluptatem et quaerat recusandae qui ipsa incidunt non voluptatem recusandae. Qui perferendis voluptatem aut architecto consequatur et repellat esse ea odit praesentium. Ad Quis laboriosam ut culpa minus vel officia dignissimos in mollitia internos est suscipit dolorem ea accusantium modi. Ea ipsum optio aut alias laudantium et officiis quod aut voluptas dignissimos qui quis cumque et nobis doloribus. Eum sequi ipsum vel soluta possimus eos doloremque repellendus et nostrum voluptates qui quia autem. Ea dolor culpa quo unde cupiditate ut explicabo repudiandae nam placeat officiis aut laudantium iusto et praesentium ipsam. Et soluta consequatur qui sunt nostrum ut incidunt enim eum odio omnis?\r\n\r\nEt beatae quaerat sed enim assumenda quo sapiente temporibus ut fugiat magni et facilis quis 33 deserunt veritatis. Ab itaque harum eum dolorum voluptas cum quasi corrupti At similique neque et quia nemo. Ut tenetur corrupti sed blanditiis voluptate et soluta dignissimos sed obcaecati quisquam eum fugit eius ut quos voluptatem. Ea numquam voluptatem et quia dolores non fuga dignissimos et rerum repellendus? Ut similique labore non fuga nemo hic suscipit natus eum cumque excepturi. Sit dignissimos eaque qui voluptas dolorem 33 itaque iusto. Qui dolorem quam vel inventore unde cum eveniet optio aut recusandae molestiae sit voluptatem fugit. Ad recusandae repellendus est alias expedita aut dicta illo vel harum impedit. Ut ducimus illum sit velit unde non fugit ullam eos enim quae aut laboriosam Quis At rerum galisum ut ipsam ipsam. Qui harum dolorem aut mollitia explicabo ut fugit impedit ea porro velit id saepe blanditiis ea vero omnis cum dolorem omnis. Est ipsum officia et molestias reprehenderit aut sequi itaque.\r\n\r\nQui galisum dicta aut expedita rerum et nostrum quasi sed inventore corporis aut totam quos At enim unde. Et perferendis eaque et inventore repellat hic aperiam molestiae ut ipsum omnis nam repellendus totam et dolorum omnis ut eius asperiores. Et sint commodi non repellendus obcaecati sed maxime quasi 33 deserunt quia aut blanditiis odio. Non aspernatur voluptate qui sapiente rerum est vero sint sed iste possimus At sapiente earum in aliquid nemo. Eos numquam animi et nihil minus est distinctio omnis est quaerat pariatur? A dolorum harum in quia adipisci ab odio voluptas? Sed architecto dolorum non voluptatem amet ea praesentium sint! Ea deleniti distinctio sed vitae laborum aut dolorum necessitatibus rem corrupti nostrum ut quaerat vitae et molestiae similique.', 22),
(24, 'Capítulo 2', 'Teste 2', 'Lorem ipsum dolor sit amet. Aut dolores sapiente aut error voluptatibus ut consectetur galisum et ipsam consequatur. Ea reiciendis quasi sit quis placeat est porro nesciunt cum sint ipsam eos itaque dolores non repellat commodi in reiciendis dolor. Ea natus architecto ut tenetur porro aut galisum galisum eum officiis minima. Rem culpa quia in officia assumenda nam dicta minus nam consectetur ipsam in fuga voluptatem qui soluta iure aut reprehenderit earum. Id internos fuga quo consectetur nisi et autem nostrum et veritatis consequatur ab nesciunt sint aut soluta aspernatur et fuga suscipit? Est voluptates voluptatibus vel nemo aperiam sed aliquid tenetur aut inventore nostrum rem aspernatur aperiam? Et earum repudiandae qui dolor fugiat At galisum vitae rem nostrum voluptatem 33 adipisci animi qui obcaecati similique. Non omnis quam quo omnis minima ut ullam voluptatem est ducimus voluptas.\r\n\r\nAut facere dolorem 33 repellendus ipsum sed voluptatum placeat? Et dolore commodi non excepturi eius est voluptatem animi eum voluptatem iure ut perferendis placeat sit mollitia Quis sed sequi facere. Aut voluptatem quisquam et consequatur repudiandae et recusandae ratione ut quidem quia. Aut voluptas tempore est corrupti voluptatem ea fugiat sint. At quidem suscipit eos repellat voluptatem et quaerat recusandae qui ipsa incidunt non voluptatem recusandae. Qui perferendis voluptatem aut architecto consequatur et repellat esse ea odit praesentium. Ad Quis laboriosam ut culpa minus vel officia dignissimos in mollitia internos est suscipit dolorem ea accusantium modi. Ea ipsum optio aut alias laudantium et officiis quod aut voluptas dignissimos qui quis cumque et nobis doloribus. Eum sequi ipsum vel soluta possimus eos doloremque repellendus et nostrum voluptates qui quia autem. Ea dolor culpa quo unde cupiditate ut explicabo repudiandae nam placeat officiis aut laudantium iusto et praesentium ipsam. Et soluta consequatur qui sunt nostrum ut incidunt enim eum odio omnis?\r\n\r\nEt beatae quaerat sed enim assumenda quo sapiente temporibus ut fugiat magni et facilis quis 33 deserunt veritatis. Ab itaque harum eum dolorum voluptas cum quasi corrupti At similique neque et quia nemo. Ut tenetur corrupti sed blanditiis voluptate et soluta dignissimos sed obcaecati quisquam eum fugit eius ut quos voluptatem. Ea numquam voluptatem et quia dolores non fuga dignissimos et rerum repellendus? Ut similique labore non fuga nemo hic suscipit natus eum cumque excepturi. Sit dignissimos eaque qui voluptas dolorem 33 itaque iusto. Qui dolorem quam vel inventore unde cum eveniet optio aut recusandae molestiae sit voluptatem fugit. Ad recusandae repellendus est alias expedita aut dicta illo vel harum impedit. Ut ducimus illum sit velit unde non fugit ullam eos enim quae aut laboriosam Quis At rerum galisum ut ipsam ipsam. Qui harum dolorem aut mollitia explicabo ut fugit impedit ea porro velit id saepe blanditiis ea vero omnis cum dolorem omnis. Est ipsum officia et molestias reprehenderit aut sequi itaque.\r\n\r\nQui galisum dicta aut expedita rerum et nostrum quasi sed inventore corporis aut totam quos At enim unde. Et perferendis eaque et inventore repellat hic aperiam molestiae ut ipsum omnis nam repellendus totam et dolorum omnis ut eius asperiores. Et sint commodi non repellendus obcaecati sed maxime quasi 33 deserunt quia aut blanditiis odio. Non aspernatur voluptate qui sapiente rerum est vero sint sed iste possimus At sapiente earum in aliquid nemo. Eos numquam animi et nihil minus est distinctio omnis est quaerat pariatur? A dolorum harum in quia adipisci ab odio voluptas? Sed architecto dolorum non voluptatem amet ea praesentium sint! Ea deleniti distinctio sed vitae laborum aut dolorum necessitatibus rem corrupti nostrum ut quaerat vitae et molestiae similique.', 22),
(25, 'Capítulo 1', 'Teste 1', 'Lorem ipsum dolor sit amet. Aut dolores sapiente aut error voluptatibus ut consectetur galisum et ipsam consequatur. Ea reiciendis quasi sit quis placeat est porro nesciunt cum sint ipsam eos itaque dolores non repellat commodi in reiciendis dolor. Ea natus architecto ut tenetur porro aut galisum galisum eum officiis minima. Rem culpa quia in officia assumenda nam dicta minus nam consectetur ipsam in fuga voluptatem qui soluta iure aut reprehenderit earum. Id internos fuga quo consectetur nisi et autem nostrum et veritatis consequatur ab nesciunt sint aut soluta aspernatur et fuga suscipit? Est voluptates voluptatibus vel nemo aperiam sed aliquid tenetur aut inventore nostrum rem aspernatur aperiam? Et earum repudiandae qui dolor fugiat At galisum vitae rem nostrum voluptatem 33 adipisci animi qui obcaecati similique. Non omnis quam quo omnis minima ut ullam voluptatem est ducimus voluptas.\r\n\r\nAut facere dolorem 33 repellendus ipsum sed voluptatum placeat? Et dolore commodi non excepturi eius est voluptatem animi eum voluptatem iure ut perferendis placeat sit mollitia Quis sed sequi facere. Aut voluptatem quisquam et consequatur repudiandae et recusandae ratione ut quidem quia. Aut voluptas tempore est corrupti voluptatem ea fugiat sint. At quidem suscipit eos repellat voluptatem et quaerat recusandae qui ipsa incidunt non voluptatem recusandae. Qui perferendis voluptatem aut architecto consequatur et repellat esse ea odit praesentium. Ad Quis laboriosam ut culpa minus vel officia dignissimos in mollitia internos est suscipit dolorem ea accusantium modi. Ea ipsum optio aut alias laudantium et officiis quod aut voluptas dignissimos qui quis cumque et nobis doloribus. Eum sequi ipsum vel soluta possimus eos doloremque repellendus et nostrum voluptates qui quia autem. Ea dolor culpa quo unde cupiditate ut explicabo repudiandae nam placeat officiis aut laudantium iusto et praesentium ipsam. Et soluta consequatur qui sunt nostrum ut incidunt enim eum odio omnis?\r\n\r\nEt beatae quaerat sed enim assumenda quo sapiente temporibus ut fugiat magni et facilis quis 33 deserunt veritatis. Ab itaque harum eum dolorum voluptas cum quasi corrupti At similique neque et quia nemo. Ut tenetur corrupti sed blanditiis voluptate et soluta dignissimos sed obcaecati quisquam eum fugit eius ut quos voluptatem. Ea numquam voluptatem et quia dolores non fuga dignissimos et rerum repellendus? Ut similique labore non fuga nemo hic suscipit natus eum cumque excepturi. Sit dignissimos eaque qui voluptas dolorem 33 itaque iusto. Qui dolorem quam vel inventore unde cum eveniet optio aut recusandae molestiae sit voluptatem fugit. Ad recusandae repellendus est alias expedita aut dicta illo vel harum impedit. Ut ducimus illum sit velit unde non fugit ullam eos enim quae aut laboriosam Quis At rerum galisum ut ipsam ipsam. Qui harum dolorem aut mollitia explicabo ut fugit impedit ea porro velit id saepe blanditiis ea vero omnis cum dolorem omnis. Est ipsum officia et molestias reprehenderit aut sequi itaque.\r\n\r\nQui galisum dicta aut expedita rerum et nostrum quasi sed inventore corporis aut totam quos At enim unde. Et perferendis eaque et inventore repellat hic aperiam molestiae ut ipsum omnis nam repellendus totam et dolorum omnis ut eius asperiores. Et sint commodi non repellendus obcaecati sed maxime quasi 33 deserunt quia aut blanditiis odio. Non aspernatur voluptate qui sapiente rerum est vero sint sed iste possimus At sapiente earum in aliquid nemo. Eos numquam animi et nihil minus est distinctio omnis est quaerat pariatur? A dolorum harum in quia adipisci ab odio voluptas? Sed architecto dolorum non voluptatem amet ea praesentium sint! Ea deleniti distinctio sed vitae laborum aut dolorum necessitatibus rem corrupti nostrum ut quaerat vitae et molestiae similique.', 14),
(26, 'Capítulo 2', 'Teste 2', 'Lorem ipsum dolor sit amet. Aut dolores sapiente aut error voluptatibus ut consectetur galisum et ipsam consequatur. Ea reiciendis quasi sit quis placeat est porro nesciunt cum sint ipsam eos itaque dolores non repellat commodi in reiciendis dolor. Ea natus architecto ut tenetur porro aut galisum galisum eum officiis minima. Rem culpa quia in officia assumenda nam dicta minus nam consectetur ipsam in fuga voluptatem qui soluta iure aut reprehenderit earum. Id internos fuga quo consectetur nisi et autem nostrum et veritatis consequatur ab nesciunt sint aut soluta aspernatur et fuga suscipit? Est voluptates voluptatibus vel nemo aperiam sed aliquid tenetur aut inventore nostrum rem aspernatur aperiam? Et earum repudiandae qui dolor fugiat At galisum vitae rem nostrum voluptatem 33 adipisci animi qui obcaecati similique. Non omnis quam quo omnis minima ut ullam voluptatem est ducimus voluptas.\r\n\r\nAut facere dolorem 33 repellendus ipsum sed voluptatum placeat? Et dolore commodi non excepturi eius est voluptatem animi eum voluptatem iure ut perferendis placeat sit mollitia Quis sed sequi facere. Aut voluptatem quisquam et consequatur repudiandae et recusandae ratione ut quidem quia. Aut voluptas tempore est corrupti voluptatem ea fugiat sint. At quidem suscipit eos repellat voluptatem et quaerat recusandae qui ipsa incidunt non voluptatem recusandae. Qui perferendis voluptatem aut architecto consequatur et repellat esse ea odit praesentium. Ad Quis laboriosam ut culpa minus vel officia dignissimos in mollitia internos est suscipit dolorem ea accusantium modi. Ea ipsum optio aut alias laudantium et officiis quod aut voluptas dignissimos qui quis cumque et nobis doloribus. Eum sequi ipsum vel soluta possimus eos doloremque repellendus et nostrum voluptates qui quia autem. Ea dolor culpa quo unde cupiditate ut explicabo repudiandae nam placeat officiis aut laudantium iusto et praesentium ipsam. Et soluta consequatur qui sunt nostrum ut incidunt enim eum odio omnis?\r\n\r\nEt beatae quaerat sed enim assumenda quo sapiente temporibus ut fugiat magni et facilis quis 33 deserunt veritatis. Ab itaque harum eum dolorum voluptas cum quasi corrupti At similique neque et quia nemo. Ut tenetur corrupti sed blanditiis voluptate et soluta dignissimos sed obcaecati quisquam eum fugit eius ut quos voluptatem. Ea numquam voluptatem et quia dolores non fuga dignissimos et rerum repellendus? Ut similique labore non fuga nemo hic suscipit natus eum cumque excepturi. Sit dignissimos eaque qui voluptas dolorem 33 itaque iusto. Qui dolorem quam vel inventore unde cum eveniet optio aut recusandae molestiae sit voluptatem fugit. Ad recusandae repellendus est alias expedita aut dicta illo vel harum impedit. Ut ducimus illum sit velit unde non fugit ullam eos enim quae aut laboriosam Quis At rerum galisum ut ipsam ipsam. Qui harum dolorem aut mollitia explicabo ut fugit impedit ea porro velit id saepe blanditiis ea vero omnis cum dolorem omnis. Est ipsum officia et molestias reprehenderit aut sequi itaque.\r\n\r\nQui galisum dicta aut expedita rerum et nostrum quasi sed inventore corporis aut totam quos At enim unde. Et perferendis eaque et inventore repellat hic aperiam molestiae ut ipsum omnis nam repellendus totam et dolorum omnis ut eius asperiores. Et sint commodi non repellendus obcaecati sed maxime quasi 33 deserunt quia aut blanditiis odio. Non aspernatur voluptate qui sapiente rerum est vero sint sed iste possimus At sapiente earum in aliquid nemo. Eos numquam animi et nihil minus est distinctio omnis est quaerat pariatur? A dolorum harum in quia adipisci ab odio voluptas? Sed architecto dolorum non voluptatem amet ea praesentium sint! Ea deleniti distinctio sed vitae laborum aut dolorum necessitatibus rem corrupti nostrum ut quaerat vitae et molestiae similique.', 14);
INSERT INTO `capitulos` (`id_capitulo`, `cap`, `titulo`, `texto`, `fanfic_id`) VALUES
(27, 'Capítulo 1', 'Teste 1', 'Lorem ipsum dolor sit amet. Aut dolores sapiente aut error voluptatibus ut consectetur galisum et ipsam consequatur. Ea reiciendis quasi sit quis placeat est porro nesciunt cum sint ipsam eos itaque dolores non repellat commodi in reiciendis dolor. Ea natus architecto ut tenetur porro aut galisum galisum eum officiis minima. Rem culpa quia in officia assumenda nam dicta minus nam consectetur ipsam in fuga voluptatem qui soluta iure aut reprehenderit earum. Id internos fuga quo consectetur nisi et autem nostrum et veritatis consequatur ab nesciunt sint aut soluta aspernatur et fuga suscipit? Est voluptates voluptatibus vel nemo aperiam sed aliquid tenetur aut inventore nostrum rem aspernatur aperiam? Et earum repudiandae qui dolor fugiat At galisum vitae rem nostrum voluptatem 33 adipisci animi qui obcaecati similique. Non omnis quam quo omnis minima ut ullam voluptatem est ducimus voluptas.\r\n\r\nAut facere dolorem 33 repellendus ipsum sed voluptatum placeat? Et dolore commodi non excepturi eius est voluptatem animi eum voluptatem iure ut perferendis placeat sit mollitia Quis sed sequi facere. Aut voluptatem quisquam et consequatur repudiandae et recusandae ratione ut quidem quia. Aut voluptas tempore est corrupti voluptatem ea fugiat sint. At quidem suscipit eos repellat voluptatem et quaerat recusandae qui ipsa incidunt non voluptatem recusandae. Qui perferendis voluptatem aut architecto consequatur et repellat esse ea odit praesentium. Ad Quis laboriosam ut culpa minus vel officia dignissimos in mollitia internos est suscipit dolorem ea accusantium modi. Ea ipsum optio aut alias laudantium et officiis quod aut voluptas dignissimos qui quis cumque et nobis doloribus. Eum sequi ipsum vel soluta possimus eos doloremque repellendus et nostrum voluptates qui quia autem. Ea dolor culpa quo unde cupiditate ut explicabo repudiandae nam placeat officiis aut laudantium iusto et praesentium ipsam. Et soluta consequatur qui sunt nostrum ut incidunt enim eum odio omnis?\r\n\r\nEt beatae quaerat sed enim assumenda quo sapiente temporibus ut fugiat magni et facilis quis 33 deserunt veritatis. Ab itaque harum eum dolorum voluptas cum quasi corrupti At similique neque et quia nemo. Ut tenetur corrupti sed blanditiis voluptate et soluta dignissimos sed obcaecati quisquam eum fugit eius ut quos voluptatem. Ea numquam voluptatem et quia dolores non fuga dignissimos et rerum repellendus? Ut similique labore non fuga nemo hic suscipit natus eum cumque excepturi. Sit dignissimos eaque qui voluptas dolorem 33 itaque iusto. Qui dolorem quam vel inventore unde cum eveniet optio aut recusandae molestiae sit voluptatem fugit. Ad recusandae repellendus est alias expedita aut dicta illo vel harum impedit. Ut ducimus illum sit velit unde non fugit ullam eos enim quae aut laboriosam Quis At rerum galisum ut ipsam ipsam. Qui harum dolorem aut mollitia explicabo ut fugit impedit ea porro velit id saepe blanditiis ea vero omnis cum dolorem omnis. Est ipsum officia et molestias reprehenderit aut sequi itaque.\r\n\r\nQui galisum dicta aut expedita rerum et nostrum quasi sed inventore corporis aut totam quos At enim unde. Et perferendis eaque et inventore repellat hic aperiam molestiae ut ipsum omnis nam repellendus totam et dolorum omnis ut eius asperiores. Et sint commodi non repellendus obcaecati sed maxime quasi 33 deserunt quia aut blanditiis odio. Non aspernatur voluptate qui sapiente rerum est vero sint sed iste possimus At sapiente earum in aliquid nemo. Eos numquam animi et nihil minus est distinctio omnis est quaerat pariatur? A dolorum harum in quia adipisci ab odio voluptas? Sed architecto dolorum non voluptatem amet ea praesentium sint! Ea deleniti distinctio sed vitae laborum aut dolorum necessitatibus rem corrupti nostrum ut quaerat vitae et molestiae similique.', 15),
(28, 'Capítulo 2', 'Teste 2', 'Lorem ipsum dolor sit amet. Aut dolores sapiente aut error voluptatibus ut consectetur galisum et ipsam consequatur. Ea reiciendis quasi sit quis placeat est porro nesciunt cum sint ipsam eos itaque dolores non repellat commodi in reiciendis dolor. Ea natus architecto ut tenetur porro aut galisum galisum eum officiis minima. Rem culpa quia in officia assumenda nam dicta minus nam consectetur ipsam in fuga voluptatem qui soluta iure aut reprehenderit earum. Id internos fuga quo consectetur nisi et autem nostrum et veritatis consequatur ab nesciunt sint aut soluta aspernatur et fuga suscipit? Est voluptates voluptatibus vel nemo aperiam sed aliquid tenetur aut inventore nostrum rem aspernatur aperiam? Et earum repudiandae qui dolor fugiat At galisum vitae rem nostrum voluptatem 33 adipisci animi qui obcaecati similique. Non omnis quam quo omnis minima ut ullam voluptatem est ducimus voluptas.\r\n\r\nAut facere dolorem 33 repellendus ipsum sed voluptatum placeat? Et dolore commodi non excepturi eius est voluptatem animi eum voluptatem iure ut perferendis placeat sit mollitia Quis sed sequi facere. Aut voluptatem quisquam et consequatur repudiandae et recusandae ratione ut quidem quia. Aut voluptas tempore est corrupti voluptatem ea fugiat sint. At quidem suscipit eos repellat voluptatem et quaerat recusandae qui ipsa incidunt non voluptatem recusandae. Qui perferendis voluptatem aut architecto consequatur et repellat esse ea odit praesentium. Ad Quis laboriosam ut culpa minus vel officia dignissimos in mollitia internos est suscipit dolorem ea accusantium modi. Ea ipsum optio aut alias laudantium et officiis quod aut voluptas dignissimos qui quis cumque et nobis doloribus. Eum sequi ipsum vel soluta possimus eos doloremque repellendus et nostrum voluptates qui quia autem. Ea dolor culpa quo unde cupiditate ut explicabo repudiandae nam placeat officiis aut laudantium iusto et praesentium ipsam. Et soluta consequatur qui sunt nostrum ut incidunt enim eum odio omnis?\r\n\r\nEt beatae quaerat sed enim assumenda quo sapiente temporibus ut fugiat magni et facilis quis 33 deserunt veritatis. Ab itaque harum eum dolorum voluptas cum quasi corrupti At similique neque et quia nemo. Ut tenetur corrupti sed blanditiis voluptate et soluta dignissimos sed obcaecati quisquam eum fugit eius ut quos voluptatem. Ea numquam voluptatem et quia dolores non fuga dignissimos et rerum repellendus? Ut similique labore non fuga nemo hic suscipit natus eum cumque excepturi. Sit dignissimos eaque qui voluptas dolorem 33 itaque iusto. Qui dolorem quam vel inventore unde cum eveniet optio aut recusandae molestiae sit voluptatem fugit. Ad recusandae repellendus est alias expedita aut dicta illo vel harum impedit. Ut ducimus illum sit velit unde non fugit ullam eos enim quae aut laboriosam Quis At rerum galisum ut ipsam ipsam. Qui harum dolorem aut mollitia explicabo ut fugit impedit ea porro velit id saepe blanditiis ea vero omnis cum dolorem omnis. Est ipsum officia et molestias reprehenderit aut sequi itaque.\r\n\r\nQui galisum dicta aut expedita rerum et nostrum quasi sed inventore corporis aut totam quos At enim unde. Et perferendis eaque et inventore repellat hic aperiam molestiae ut ipsum omnis nam repellendus totam et dolorum omnis ut eius asperiores. Et sint commodi non repellendus obcaecati sed maxime quasi 33 deserunt quia aut blanditiis odio. Non aspernatur voluptate qui sapiente rerum est vero sint sed iste possimus At sapiente earum in aliquid nemo. Eos numquam animi et nihil minus est distinctio omnis est quaerat pariatur? A dolorum harum in quia adipisci ab odio voluptas? Sed architecto dolorum non voluptatem amet ea praesentium sint! Ea deleniti distinctio sed vitae laborum aut dolorum necessitatibus rem corrupti nostrum ut quaerat vitae et molestiae similique.', 15),
(29, 'Capítulo 1', 'Teste 1', 'Lorem ipsum dolor sit amet. Aut dolores sapiente aut error voluptatibus ut consectetur galisum et ipsam consequatur. Ea reiciendis quasi sit quis placeat est porro nesciunt cum sint ipsam eos itaque dolores non repellat commodi in reiciendis dolor. Ea natus architecto ut tenetur porro aut galisum galisum eum officiis minima. Rem culpa quia in officia assumenda nam dicta minus nam consectetur ipsam in fuga voluptatem qui soluta iure aut reprehenderit earum. Id internos fuga quo consectetur nisi et autem nostrum et veritatis consequatur ab nesciunt sint aut soluta aspernatur et fuga suscipit? Est voluptates voluptatibus vel nemo aperiam sed aliquid tenetur aut inventore nostrum rem aspernatur aperiam? Et earum repudiandae qui dolor fugiat At galisum vitae rem nostrum voluptatem 33 adipisci animi qui obcaecati similique. Non omnis quam quo omnis minima ut ullam voluptatem est ducimus voluptas.\r\n\r\nAut facere dolorem 33 repellendus ipsum sed voluptatum placeat? Et dolore commodi non excepturi eius est voluptatem animi eum voluptatem iure ut perferendis placeat sit mollitia Quis sed sequi facere. Aut voluptatem quisquam et consequatur repudiandae et recusandae ratione ut quidem quia. Aut voluptas tempore est corrupti voluptatem ea fugiat sint. At quidem suscipit eos repellat voluptatem et quaerat recusandae qui ipsa incidunt non voluptatem recusandae. Qui perferendis voluptatem aut architecto consequatur et repellat esse ea odit praesentium. Ad Quis laboriosam ut culpa minus vel officia dignissimos in mollitia internos est suscipit dolorem ea accusantium modi. Ea ipsum optio aut alias laudantium et officiis quod aut voluptas dignissimos qui quis cumque et nobis doloribus. Eum sequi ipsum vel soluta possimus eos doloremque repellendus et nostrum voluptates qui quia autem. Ea dolor culpa quo unde cupiditate ut explicabo repudiandae nam placeat officiis aut laudantium iusto et praesentium ipsam. Et soluta consequatur qui sunt nostrum ut incidunt enim eum odio omnis?\r\n\r\nEt beatae quaerat sed enim assumenda quo sapiente temporibus ut fugiat magni et facilis quis 33 deserunt veritatis. Ab itaque harum eum dolorum voluptas cum quasi corrupti At similique neque et quia nemo. Ut tenetur corrupti sed blanditiis voluptate et soluta dignissimos sed obcaecati quisquam eum fugit eius ut quos voluptatem. Ea numquam voluptatem et quia dolores non fuga dignissimos et rerum repellendus? Ut similique labore non fuga nemo hic suscipit natus eum cumque excepturi. Sit dignissimos eaque qui voluptas dolorem 33 itaque iusto. Qui dolorem quam vel inventore unde cum eveniet optio aut recusandae molestiae sit voluptatem fugit. Ad recusandae repellendus est alias expedita aut dicta illo vel harum impedit. Ut ducimus illum sit velit unde non fugit ullam eos enim quae aut laboriosam Quis At rerum galisum ut ipsam ipsam. Qui harum dolorem aut mollitia explicabo ut fugit impedit ea porro velit id saepe blanditiis ea vero omnis cum dolorem omnis. Est ipsum officia et molestias reprehenderit aut sequi itaque.\r\n\r\nQui galisum dicta aut expedita rerum et nostrum quasi sed inventore corporis aut totam quos At enim unde. Et perferendis eaque et inventore repellat hic aperiam molestiae ut ipsum omnis nam repellendus totam et dolorum omnis ut eius asperiores. Et sint commodi non repellendus obcaecati sed maxime quasi 33 deserunt quia aut blanditiis odio. Non aspernatur voluptate qui sapiente rerum est vero sint sed iste possimus At sapiente earum in aliquid nemo. Eos numquam animi et nihil minus est distinctio omnis est quaerat pariatur? A dolorum harum in quia adipisci ab odio voluptas? Sed architecto dolorum non voluptatem amet ea praesentium sint! Ea deleniti distinctio sed vitae laborum aut dolorum necessitatibus rem corrupti nostrum ut quaerat vitae et molestiae similique.', 16),
(30, 'Capítulo 2', 'Teste 2', 'Lorem ipsum dolor sit amet. Aut dolores sapiente aut error voluptatibus ut consectetur galisum et ipsam consequatur. Ea reiciendis quasi sit quis placeat est porro nesciunt cum sint ipsam eos itaque dolores non repellat commodi in reiciendis dolor. Ea natus architecto ut tenetur porro aut galisum galisum eum officiis minima. Rem culpa quia in officia assumenda nam dicta minus nam consectetur ipsam in fuga voluptatem qui soluta iure aut reprehenderit earum. Id internos fuga quo consectetur nisi et autem nostrum et veritatis consequatur ab nesciunt sint aut soluta aspernatur et fuga suscipit? Est voluptates voluptatibus vel nemo aperiam sed aliquid tenetur aut inventore nostrum rem aspernatur aperiam? Et earum repudiandae qui dolor fugiat At galisum vitae rem nostrum voluptatem 33 adipisci animi qui obcaecati similique. Non omnis quam quo omnis minima ut ullam voluptatem est ducimus voluptas.\r\n\r\nAut facere dolorem 33 repellendus ipsum sed voluptatum placeat? Et dolore commodi non excepturi eius est voluptatem animi eum voluptatem iure ut perferendis placeat sit mollitia Quis sed sequi facere. Aut voluptatem quisquam et consequatur repudiandae et recusandae ratione ut quidem quia. Aut voluptas tempore est corrupti voluptatem ea fugiat sint. At quidem suscipit eos repellat voluptatem et quaerat recusandae qui ipsa incidunt non voluptatem recusandae. Qui perferendis voluptatem aut architecto consequatur et repellat esse ea odit praesentium. Ad Quis laboriosam ut culpa minus vel officia dignissimos in mollitia internos est suscipit dolorem ea accusantium modi. Ea ipsum optio aut alias laudantium et officiis quod aut voluptas dignissimos qui quis cumque et nobis doloribus. Eum sequi ipsum vel soluta possimus eos doloremque repellendus et nostrum voluptates qui quia autem. Ea dolor culpa quo unde cupiditate ut explicabo repudiandae nam placeat officiis aut laudantium iusto et praesentium ipsam. Et soluta consequatur qui sunt nostrum ut incidunt enim eum odio omnis?\r\n\r\nEt beatae quaerat sed enim assumenda quo sapiente temporibus ut fugiat magni et facilis quis 33 deserunt veritatis. Ab itaque harum eum dolorum voluptas cum quasi corrupti At similique neque et quia nemo. Ut tenetur corrupti sed blanditiis voluptate et soluta dignissimos sed obcaecati quisquam eum fugit eius ut quos voluptatem. Ea numquam voluptatem et quia dolores non fuga dignissimos et rerum repellendus? Ut similique labore non fuga nemo hic suscipit natus eum cumque excepturi. Sit dignissimos eaque qui voluptas dolorem 33 itaque iusto. Qui dolorem quam vel inventore unde cum eveniet optio aut recusandae molestiae sit voluptatem fugit. Ad recusandae repellendus est alias expedita aut dicta illo vel harum impedit. Ut ducimus illum sit velit unde non fugit ullam eos enim quae aut laboriosam Quis At rerum galisum ut ipsam ipsam. Qui harum dolorem aut mollitia explicabo ut fugit impedit ea porro velit id saepe blanditiis ea vero omnis cum dolorem omnis. Est ipsum officia et molestias reprehenderit aut sequi itaque.\r\n\r\nQui galisum dicta aut expedita rerum et nostrum quasi sed inventore corporis aut totam quos At enim unde. Et perferendis eaque et inventore repellat hic aperiam molestiae ut ipsum omnis nam repellendus totam et dolorum omnis ut eius asperiores. Et sint commodi non repellendus obcaecati sed maxime quasi 33 deserunt quia aut blanditiis odio. Non aspernatur voluptate qui sapiente rerum est vero sint sed iste possimus At sapiente earum in aliquid nemo. Eos numquam animi et nihil minus est distinctio omnis est quaerat pariatur? A dolorum harum in quia adipisci ab odio voluptas? Sed architecto dolorum non voluptatem amet ea praesentium sint! Ea deleniti distinctio sed vitae laborum aut dolorum necessitatibus rem corrupti nostrum ut quaerat vitae et molestiae similique.', 16),
(31, 'Capítulo 1', 'Teste 1', 'Lorem ipsum dolor sit amet. Aut dolores sapiente aut error voluptatibus ut consectetur galisum et ipsam consequatur. Ea reiciendis quasi sit quis placeat est porro nesciunt cum sint ipsam eos itaque dolores non repellat commodi in reiciendis dolor. Ea natus architecto ut tenetur porro aut galisum galisum eum officiis minima. Rem culpa quia in officia assumenda nam dicta minus nam consectetur ipsam in fuga voluptatem qui soluta iure aut reprehenderit earum. Id internos fuga quo consectetur nisi et autem nostrum et veritatis consequatur ab nesciunt sint aut soluta aspernatur et fuga suscipit? Est voluptates voluptatibus vel nemo aperiam sed aliquid tenetur aut inventore nostrum rem aspernatur aperiam? Et earum repudiandae qui dolor fugiat At galisum vitae rem nostrum voluptatem 33 adipisci animi qui obcaecati similique. Non omnis quam quo omnis minima ut ullam voluptatem est ducimus voluptas.\r\n\r\nAut facere dolorem 33 repellendus ipsum sed voluptatum placeat? Et dolore commodi non excepturi eius est voluptatem animi eum voluptatem iure ut perferendis placeat sit mollitia Quis sed sequi facere. Aut voluptatem quisquam et consequatur repudiandae et recusandae ratione ut quidem quia. Aut voluptas tempore est corrupti voluptatem ea fugiat sint. At quidem suscipit eos repellat voluptatem et quaerat recusandae qui ipsa incidunt non voluptatem recusandae. Qui perferendis voluptatem aut architecto consequatur et repellat esse ea odit praesentium. Ad Quis laboriosam ut culpa minus vel officia dignissimos in mollitia internos est suscipit dolorem ea accusantium modi. Ea ipsum optio aut alias laudantium et officiis quod aut voluptas dignissimos qui quis cumque et nobis doloribus. Eum sequi ipsum vel soluta possimus eos doloremque repellendus et nostrum voluptates qui quia autem. Ea dolor culpa quo unde cupiditate ut explicabo repudiandae nam placeat officiis aut laudantium iusto et praesentium ipsam. Et soluta consequatur qui sunt nostrum ut incidunt enim eum odio omnis?\r\n\r\nEt beatae quaerat sed enim assumenda quo sapiente temporibus ut fugiat magni et facilis quis 33 deserunt veritatis. Ab itaque harum eum dolorum voluptas cum quasi corrupti At similique neque et quia nemo. Ut tenetur corrupti sed blanditiis voluptate et soluta dignissimos sed obcaecati quisquam eum fugit eius ut quos voluptatem. Ea numquam voluptatem et quia dolores non fuga dignissimos et rerum repellendus? Ut similique labore non fuga nemo hic suscipit natus eum cumque excepturi. Sit dignissimos eaque qui voluptas dolorem 33 itaque iusto. Qui dolorem quam vel inventore unde cum eveniet optio aut recusandae molestiae sit voluptatem fugit. Ad recusandae repellendus est alias expedita aut dicta illo vel harum impedit. Ut ducimus illum sit velit unde non fugit ullam eos enim quae aut laboriosam Quis At rerum galisum ut ipsam ipsam. Qui harum dolorem aut mollitia explicabo ut fugit impedit ea porro velit id saepe blanditiis ea vero omnis cum dolorem omnis. Est ipsum officia et molestias reprehenderit aut sequi itaque.\r\n\r\nQui galisum dicta aut expedita rerum et nostrum quasi sed inventore corporis aut totam quos At enim unde. Et perferendis eaque et inventore repellat hic aperiam molestiae ut ipsum omnis nam repellendus totam et dolorum omnis ut eius asperiores. Et sint commodi non repellendus obcaecati sed maxime quasi 33 deserunt quia aut blanditiis odio. Non aspernatur voluptate qui sapiente rerum est vero sint sed iste possimus At sapiente earum in aliquid nemo. Eos numquam animi et nihil minus est distinctio omnis est quaerat pariatur? A dolorum harum in quia adipisci ab odio voluptas? Sed architecto dolorum non voluptatem amet ea praesentium sint! Ea deleniti distinctio sed vitae laborum aut dolorum necessitatibus rem corrupti nostrum ut quaerat vitae et molestiae similique.', 14),
(32, 'Capítulo 2', 'Teste 2', 'Lorem ipsum dolor sit amet. Aut dolores sapiente aut error voluptatibus ut consectetur galisum et ipsam consequatur. Ea reiciendis quasi sit quis placeat est porro nesciunt cum sint ipsam eos itaque dolores non repellat commodi in reiciendis dolor. Ea natus architecto ut tenetur porro aut galisum galisum eum officiis minima. Rem culpa quia in officia assumenda nam dicta minus nam consectetur ipsam in fuga voluptatem qui soluta iure aut reprehenderit earum. Id internos fuga quo consectetur nisi et autem nostrum et veritatis consequatur ab nesciunt sint aut soluta aspernatur et fuga suscipit? Est voluptates voluptatibus vel nemo aperiam sed aliquid tenetur aut inventore nostrum rem aspernatur aperiam? Et earum repudiandae qui dolor fugiat At galisum vitae rem nostrum voluptatem 33 adipisci animi qui obcaecati similique. Non omnis quam quo omnis minima ut ullam voluptatem est ducimus voluptas.\r\n\r\nAut facere dolorem 33 repellendus ipsum sed voluptatum placeat? Et dolore commodi non excepturi eius est voluptatem animi eum voluptatem iure ut perferendis placeat sit mollitia Quis sed sequi facere. Aut voluptatem quisquam et consequatur repudiandae et recusandae ratione ut quidem quia. Aut voluptas tempore est corrupti voluptatem ea fugiat sint. At quidem suscipit eos repellat voluptatem et quaerat recusandae qui ipsa incidunt non voluptatem recusandae. Qui perferendis voluptatem aut architecto consequatur et repellat esse ea odit praesentium. Ad Quis laboriosam ut culpa minus vel officia dignissimos in mollitia internos est suscipit dolorem ea accusantium modi. Ea ipsum optio aut alias laudantium et officiis quod aut voluptas dignissimos qui quis cumque et nobis doloribus. Eum sequi ipsum vel soluta possimus eos doloremque repellendus et nostrum voluptates qui quia autem. Ea dolor culpa quo unde cupiditate ut explicabo repudiandae nam placeat officiis aut laudantium iusto et praesentium ipsam. Et soluta consequatur qui sunt nostrum ut incidunt enim eum odio omnis?\r\n\r\nEt beatae quaerat sed enim assumenda quo sapiente temporibus ut fugiat magni et facilis quis 33 deserunt veritatis. Ab itaque harum eum dolorum voluptas cum quasi corrupti At similique neque et quia nemo. Ut tenetur corrupti sed blanditiis voluptate et soluta dignissimos sed obcaecati quisquam eum fugit eius ut quos voluptatem. Ea numquam voluptatem et quia dolores non fuga dignissimos et rerum repellendus? Ut similique labore non fuga nemo hic suscipit natus eum cumque excepturi. Sit dignissimos eaque qui voluptas dolorem 33 itaque iusto. Qui dolorem quam vel inventore unde cum eveniet optio aut recusandae molestiae sit voluptatem fugit. Ad recusandae repellendus est alias expedita aut dicta illo vel harum impedit. Ut ducimus illum sit velit unde non fugit ullam eos enim quae aut laboriosam Quis At rerum galisum ut ipsam ipsam. Qui harum dolorem aut mollitia explicabo ut fugit impedit ea porro velit id saepe blanditiis ea vero omnis cum dolorem omnis. Est ipsum officia et molestias reprehenderit aut sequi itaque.\r\n\r\nQui galisum dicta aut expedita rerum et nostrum quasi sed inventore corporis aut totam quos At enim unde. Et perferendis eaque et inventore repellat hic aperiam molestiae ut ipsum omnis nam repellendus totam et dolorum omnis ut eius asperiores. Et sint commodi non repellendus obcaecati sed maxime quasi 33 deserunt quia aut blanditiis odio. Non aspernatur voluptate qui sapiente rerum est vero sint sed iste possimus At sapiente earum in aliquid nemo. Eos numquam animi et nihil minus est distinctio omnis est quaerat pariatur? A dolorum harum in quia adipisci ab odio voluptas? Sed architecto dolorum non voluptatem amet ea praesentium sint! Ea deleniti distinctio sed vitae laborum aut dolorum necessitatibus rem corrupti nostrum ut quaerat vitae et molestiae similique.', 14),
(33, 'Capítulo 1', 'Teste 1', 'Lorem ipsum dolor sit amet. Aut dolores sapiente aut error voluptatibus ut consectetur galisum et ipsam consequatur. Ea reiciendis quasi sit quis placeat est porro nesciunt cum sint ipsam eos itaque dolores non repellat commodi in reiciendis dolor. Ea natus architecto ut tenetur porro aut galisum galisum eum officiis minima. Rem culpa quia in officia assumenda nam dicta minus nam consectetur ipsam in fuga voluptatem qui soluta iure aut reprehenderit earum. Id internos fuga quo consectetur nisi et autem nostrum et veritatis consequatur ab nesciunt sint aut soluta aspernatur et fuga suscipit? Est voluptates voluptatibus vel nemo aperiam sed aliquid tenetur aut inventore nostrum rem aspernatur aperiam? Et earum repudiandae qui dolor fugiat At galisum vitae rem nostrum voluptatem 33 adipisci animi qui obcaecati similique. Non omnis quam quo omnis minima ut ullam voluptatem est ducimus voluptas.\r\n\r\nAut facere dolorem 33 repellendus ipsum sed voluptatum placeat? Et dolore commodi non excepturi eius est voluptatem animi eum voluptatem iure ut perferendis placeat sit mollitia Quis sed sequi facere. Aut voluptatem quisquam et consequatur repudiandae et recusandae ratione ut quidem quia. Aut voluptas tempore est corrupti voluptatem ea fugiat sint. At quidem suscipit eos repellat voluptatem et quaerat recusandae qui ipsa incidunt non voluptatem recusandae. Qui perferendis voluptatem aut architecto consequatur et repellat esse ea odit praesentium. Ad Quis laboriosam ut culpa minus vel officia dignissimos in mollitia internos est suscipit dolorem ea accusantium modi. Ea ipsum optio aut alias laudantium et officiis quod aut voluptas dignissimos qui quis cumque et nobis doloribus. Eum sequi ipsum vel soluta possimus eos doloremque repellendus et nostrum voluptates qui quia autem. Ea dolor culpa quo unde cupiditate ut explicabo repudiandae nam placeat officiis aut laudantium iusto et praesentium ipsam. Et soluta consequatur qui sunt nostrum ut incidunt enim eum odio omnis?\r\n\r\nEt beatae quaerat sed enim assumenda quo sapiente temporibus ut fugiat magni et facilis quis 33 deserunt veritatis. Ab itaque harum eum dolorum voluptas cum quasi corrupti At similique neque et quia nemo. Ut tenetur corrupti sed blanditiis voluptate et soluta dignissimos sed obcaecati quisquam eum fugit eius ut quos voluptatem. Ea numquam voluptatem et quia dolores non fuga dignissimos et rerum repellendus? Ut similique labore non fuga nemo hic suscipit natus eum cumque excepturi. Sit dignissimos eaque qui voluptas dolorem 33 itaque iusto. Qui dolorem quam vel inventore unde cum eveniet optio aut recusandae molestiae sit voluptatem fugit. Ad recusandae repellendus est alias expedita aut dicta illo vel harum impedit. Ut ducimus illum sit velit unde non fugit ullam eos enim quae aut laboriosam Quis At rerum galisum ut ipsam ipsam. Qui harum dolorem aut mollitia explicabo ut fugit impedit ea porro velit id saepe blanditiis ea vero omnis cum dolorem omnis. Est ipsum officia et molestias reprehenderit aut sequi itaque.\r\n\r\nQui galisum dicta aut expedita rerum et nostrum quasi sed inventore corporis aut totam quos At enim unde. Et perferendis eaque et inventore repellat hic aperiam molestiae ut ipsum omnis nam repellendus totam et dolorum omnis ut eius asperiores. Et sint commodi non repellendus obcaecati sed maxime quasi 33 deserunt quia aut blanditiis odio. Non aspernatur voluptate qui sapiente rerum est vero sint sed iste possimus At sapiente earum in aliquid nemo. Eos numquam animi et nihil minus est distinctio omnis est quaerat pariatur? A dolorum harum in quia adipisci ab odio voluptas? Sed architecto dolorum non voluptatem amet ea praesentium sint! Ea deleniti distinctio sed vitae laborum aut dolorum necessitatibus rem corrupti nostrum ut quaerat vitae et molestiae similique.', 18),
(34, 'Capítulo 2', 'Teste 2', 'Lorem ipsum dolor sit amet. Aut dolores sapiente aut error voluptatibus ut consectetur galisum et ipsam consequatur. Ea reiciendis quasi sit quis placeat est porro nesciunt cum sint ipsam eos itaque dolores non repellat commodi in reiciendis dolor. Ea natus architecto ut tenetur porro aut galisum galisum eum officiis minima. Rem culpa quia in officia assumenda nam dicta minus nam consectetur ipsam in fuga voluptatem qui soluta iure aut reprehenderit earum. Id internos fuga quo consectetur nisi et autem nostrum et veritatis consequatur ab nesciunt sint aut soluta aspernatur et fuga suscipit? Est voluptates voluptatibus vel nemo aperiam sed aliquid tenetur aut inventore nostrum rem aspernatur aperiam? Et earum repudiandae qui dolor fugiat At galisum vitae rem nostrum voluptatem 33 adipisci animi qui obcaecati similique. Non omnis quam quo omnis minima ut ullam voluptatem est ducimus voluptas.\r\n\r\nAut facere dolorem 33 repellendus ipsum sed voluptatum placeat? Et dolore commodi non excepturi eius est voluptatem animi eum voluptatem iure ut perferendis placeat sit mollitia Quis sed sequi facere. Aut voluptatem quisquam et consequatur repudiandae et recusandae ratione ut quidem quia. Aut voluptas tempore est corrupti voluptatem ea fugiat sint. At quidem suscipit eos repellat voluptatem et quaerat recusandae qui ipsa incidunt non voluptatem recusandae. Qui perferendis voluptatem aut architecto consequatur et repellat esse ea odit praesentium. Ad Quis laboriosam ut culpa minus vel officia dignissimos in mollitia internos est suscipit dolorem ea accusantium modi. Ea ipsum optio aut alias laudantium et officiis quod aut voluptas dignissimos qui quis cumque et nobis doloribus. Eum sequi ipsum vel soluta possimus eos doloremque repellendus et nostrum voluptates qui quia autem. Ea dolor culpa quo unde cupiditate ut explicabo repudiandae nam placeat officiis aut laudantium iusto et praesentium ipsam. Et soluta consequatur qui sunt nostrum ut incidunt enim eum odio omnis?\r\n\r\nEt beatae quaerat sed enim assumenda quo sapiente temporibus ut fugiat magni et facilis quis 33 deserunt veritatis. Ab itaque harum eum dolorum voluptas cum quasi corrupti At similique neque et quia nemo. Ut tenetur corrupti sed blanditiis voluptate et soluta dignissimos sed obcaecati quisquam eum fugit eius ut quos voluptatem. Ea numquam voluptatem et quia dolores non fuga dignissimos et rerum repellendus? Ut similique labore non fuga nemo hic suscipit natus eum cumque excepturi. Sit dignissimos eaque qui voluptas dolorem 33 itaque iusto. Qui dolorem quam vel inventore unde cum eveniet optio aut recusandae molestiae sit voluptatem fugit. Ad recusandae repellendus est alias expedita aut dicta illo vel harum impedit. Ut ducimus illum sit velit unde non fugit ullam eos enim quae aut laboriosam Quis At rerum galisum ut ipsam ipsam. Qui harum dolorem aut mollitia explicabo ut fugit impedit ea porro velit id saepe blanditiis ea vero omnis cum dolorem omnis. Est ipsum officia et molestias reprehenderit aut sequi itaque.\r\n\r\nQui galisum dicta aut expedita rerum et nostrum quasi sed inventore corporis aut totam quos At enim unde. Et perferendis eaque et inventore repellat hic aperiam molestiae ut ipsum omnis nam repellendus totam et dolorum omnis ut eius asperiores. Et sint commodi non repellendus obcaecati sed maxime quasi 33 deserunt quia aut blanditiis odio. Non aspernatur voluptate qui sapiente rerum est vero sint sed iste possimus At sapiente earum in aliquid nemo. Eos numquam animi et nihil minus est distinctio omnis est quaerat pariatur? A dolorum harum in quia adipisci ab odio voluptas? Sed architecto dolorum non voluptatem amet ea praesentium sint! Ea deleniti distinctio sed vitae laborum aut dolorum necessitatibus rem corrupti nostrum ut quaerat vitae et molestiae similique.', 18);

-- --------------------------------------------------------

--
-- Estrutura da tabela `categoria`
--

CREATE TABLE `categoria` (
  `id_categoria` int(11) NOT NULL,
  `categorias` varchar(255) NOT NULL
) ENGINE=InnoDB DEFAULT CHARSET=utf8mb4 COLLATE=utf8mb4_general_ci;

--
-- Extraindo dados da tabela `categoria`
--

INSERT INTO `categoria` (`id_categoria`, `categorias`) VALUES
(1, 'Fantasia'),
(2, 'Terror'),
(3, 'Romance'),
(4, 'Drama'),
(5, 'Aventura'),
(6, 'Suspense'),
(7, 'Ação'),
(8, 'Comedia'),
(9, 'Guerra'),
(10, 'Luta');

-- --------------------------------------------------------

--
-- Estrutura da tabela `fanfic`
--

CREATE TABLE `fanfic` (
  `id_fanfic` int(11) NOT NULL,
  `imagem` varchar(255) NOT NULL,
  `titulo` varchar(255) NOT NULL,
  `sinopse` text NOT NULL,
  `categoria_id` int(11) NOT NULL,
  `nome_user` varchar(255) NOT NULL,
  `user_id` int(11) NOT NULL,
  `concluido` tinyint(1) NOT NULL DEFAULT 0
) ENGINE=InnoDB DEFAULT CHARSET=utf8 COLLATE=utf8_unicode_ci;

--
-- Extraindo dados da tabela `fanfic`
--

INSERT INTO `fanfic` (`id_fanfic`, `imagem`, `titulo`, `sinopse`, `categoria_id`, `nome_user`, `user_id`, `concluido`) VALUES
(12, '../../Resources/Assets/Uploads/7695278932c2e062956c227d4c0cef69.jpg', 'Teste M', 'Lorem ipsum dolor sit amet. Et velit consequatur vel tenetur voluptatum qui soluta odio eos suscipit voluptatem est omnis harum in dolore sint. Eos voluptatem reiciendis ea dolores aperiam At quia officia qui laboriosam doloribus et doloremque dolore ut laborum earum. Est incidunt autem non dolore voluptatem in architecto error sed inventore cumque aut voluptas reiciendis eos molestiae quia. In consequatur nemo eum doloremque tempore aut omnis repudiandae ut error tempore aut optio numquam.', 10, 'Mel', 3, 0),
(14, '../../Resources/Assets/Uploads/7695278932c2e062956c227d4c0cef69.jpg', 'Teste 1', 'Lorem ipsum dolor sit amet. Sed dolorum atque et sunt aliquam aut modi quidem sed quia voluptatem in omnis maxime ea architecto repellendus eos commodi placeat. A repellat aliquam cum natus eveniet ut deserunt officiis. Est laborum enim non repellendus commodi qui libero voluptatem aut aspernatur fugiat in omnis magni aut quia nobis aut eius molestiae. Ut alias eveniet est facilis velit ad voluptatibus velit est cumque nihil sit veritatis cupiditate et quia quidem. Qui facilis totam At totam incidunt ut cupiditate repellat ea rerum placeat est culpa earum ut doloribus maxime. Cum reiciendis quidem et nihil quibusdam nam voluptate eius et repudiandae sint vel rerum voluptas sed illo nesciunt. Non distinctio fugiat hic quod officiis et consectetur dolor hic harum sunt a quia soluta sit dolor porro in quae veniam. Et omnis impedit et officiis perspiciatis non maxime ipsam ut nihil tempora aut ratione voluptatem aut odit repudiandae. Et nobis quaerat et optio quas sit consequatur voluptatum non necessitatibus beatae et odit doloribus sed accusamus iusto. Nam tempora quis est porro unde aut rerum architecto ea odit molestiae ut harum quibusdam aut totam iste aut inventore mollitia. Eos libero dolorem et magni molestias aut quia adipisci ea voluptatem recusandae ut rerum voluptatibus aut galisum quas et exercitationem minus. Sed veniam vero rem quisquam consequuntur in veniam dignissimos ex animi rerum eum illum soluta ut voluptatibus illo. In autem itaque et error ipsum qui minima sint. Quo quaerat perferendis in sint voluptatem a quibusdam voluptas quo adipisci ipsa eum odio repudiandae sed dolore dolorem et delectus ducimus.\r\n\r\nQui deleniti quae sed amet fugiat hic voluptas perferendis eos quos voluptate est eaque inventore sed modi ipsa aut voluptatem enim. In fugiat recusandae et quisquam voluptatem est adipisci odio est odit praesentium et corrupti commodi. Aut quasi ratione quo ipsam modi At alias adipisci est aliquid nulla aut dolores asperiores id eaque consequatur est labore porro. Ut quia Quis quo quas nulla eum sunt praesentium. Et corporis perspiciatis qui nihil vero in delectus eius est aspernatur rerum nam asperiores voluptas At quia illum. Eum possimus quia in iste nisi ab inventore enim qui sunt suscipit sit debitis doloribus vel pariatur iure est nostrum perferendis. Ex omnis dicta sit dolor veniam ut molestias voluptate et velit consectetur aut dolores laboriosam non odio nihil qui minima laudantium. Sit autem distinctio hic unde temporibus cum quos quas sit modi veritatis. Est repellendus voluptatem ab nisi ipsum ex sunt iure non adipisci iusto et dolores dolor. Sed aperiam delectus ut magnam suscipit et eligendi tempora vel veniam aliquam ut obcaecati perspiciatis. Id velit accusamus ea error eaque est magni ducimus sed ipsum officiis eum perspiciatis voluptas.', 1, 'Wesley', 2, 0),
(15, '../../Resources/Assets/Uploads/7695278932c2e062956c227d4c0cef69.jpg', 'Teste 2', 'Lorem ipsum dolor sit amet. Sed dolorum atque et sunt aliquam aut modi quidem sed quia voluptatem in omnis maxime ea architecto repellendus eos commodi placeat. A repellat aliquam cum natus eveniet ut deserunt officiis. Est laborum enim non repellendus commodi qui libero voluptatem aut aspernatur fugiat in omnis magni aut quia nobis aut eius molestiae. Ut alias eveniet est facilis velit ad voluptatibus velit est cumque nihil sit veritatis cupiditate et quia quidem. Qui facilis totam At totam incidunt ut cupiditate repellat ea rerum placeat est culpa earum ut doloribus maxime. Cum reiciendis quidem et nihil quibusdam nam voluptate eius et repudiandae sint vel rerum voluptas sed illo nesciunt. Non distinctio fugiat hic quod officiis et consectetur dolor hic harum sunt a quia soluta sit dolor porro in quae veniam. Et omnis impedit et officiis perspiciatis non maxime ipsam ut nihil tempora aut ratione voluptatem aut odit repudiandae. Et nobis quaerat et optio quas sit consequatur voluptatum non necessitatibus beatae et odit doloribus sed accusamus iusto. Nam tempora quis est porro unde aut rerum architecto ea odit molestiae ut harum quibusdam aut totam iste aut inventore mollitia. Eos libero dolorem et magni molestias aut quia adipisci ea voluptatem recusandae ut rerum voluptatibus aut galisum quas et exercitationem minus. Sed veniam vero rem quisquam consequuntur in veniam dignissimos ex animi rerum eum illum soluta ut voluptatibus illo. In autem itaque et error ipsum qui minima sint. Quo quaerat perferendis in sint voluptatem a quibusdam voluptas quo adipisci ipsa eum odio repudiandae sed dolore dolorem et delectus ducimus.\r\n\r\nQui deleniti quae sed amet fugiat hic voluptas perferendis eos quos voluptate est eaque inventore sed modi ipsa aut voluptatem enim. In fugiat recusandae et quisquam voluptatem est adipisci odio est odit praesentium et corrupti commodi. Aut quasi ratione quo ipsam modi At alias adipisci est aliquid nulla aut dolores asperiores id eaque consequatur est labore porro. Ut quia Quis quo quas nulla eum sunt praesentium. Et corporis perspiciatis qui nihil vero in delectus eius est aspernatur rerum nam asperiores voluptas At quia illum. Eum possimus quia in iste nisi ab inventore enim qui sunt suscipit sit debitis doloribus vel pariatur iure est nostrum perferendis. Ex omnis dicta sit dolor veniam ut molestias voluptate et velit consectetur aut dolores laboriosam non odio nihil qui minima laudantium. Sit autem distinctio hic unde temporibus cum quos quas sit modi veritatis. Est repellendus voluptatem ab nisi ipsum ex sunt iure non adipisci iusto et dolores dolor. Sed aperiam delectus ut magnam suscipit et eligendi tempora vel veniam aliquam ut obcaecati perspiciatis. Id velit accusamus ea error eaque est magni ducimus sed ipsum officiis eum perspiciatis voluptas.', 2, 'Wesley', 2, 0),
(16, '../../Resources/Assets/Uploads/7695278932c2e062956c227d4c0cef69.jpg', 'Teste 3', 'Lorem ipsum dolor sit amet. Sed dolorum atque et sunt aliquam aut modi quidem sed quia voluptatem in omnis maxime ea architecto repellendus eos commodi placeat. A repellat aliquam cum natus eveniet ut deserunt officiis. Est laborum enim non repellendus commodi qui libero voluptatem aut aspernatur fugiat in omnis magni aut quia nobis aut eius molestiae. Ut alias eveniet est facilis velit ad voluptatibus velit est cumque nihil sit veritatis cupiditate et quia quidem. Qui facilis totam At totam incidunt ut cupiditate repellat ea rerum placeat est culpa earum ut doloribus maxime. Cum reiciendis quidem et nihil quibusdam nam voluptate eius et repudiandae sint vel rerum voluptas sed illo nesciunt. Non distinctio fugiat hic quod officiis et consectetur dolor hic harum sunt a quia soluta sit dolor porro in quae veniam. Et omnis impedit et officiis perspiciatis non maxime ipsam ut nihil tempora aut ratione voluptatem aut odit repudiandae. Et nobis quaerat et optio quas sit consequatur voluptatum non necessitatibus beatae et odit doloribus sed accusamus iusto. Nam tempora quis est porro unde aut rerum architecto ea odit molestiae ut harum quibusdam aut totam iste aut inventore mollitia. Eos libero dolorem et magni molestias aut quia adipisci ea voluptatem recusandae ut rerum voluptatibus aut galisum quas et exercitationem minus. Sed veniam vero rem quisquam consequuntur in veniam dignissimos ex animi rerum eum illum soluta ut voluptatibus illo. In autem itaque et error ipsum qui minima sint. Quo quaerat perferendis in sint voluptatem a quibusdam voluptas quo adipisci ipsa eum odio repudiandae sed dolore dolorem et delectus ducimus.\r\n\r\nQui deleniti quae sed amet fugiat hic voluptas perferendis eos quos voluptate est eaque inventore sed modi ipsa aut voluptatem enim. In fugiat recusandae et quisquam voluptatem est adipisci odio est odit praesentium et corrupti commodi. Aut quasi ratione quo ipsam modi At alias adipisci est aliquid nulla aut dolores asperiores id eaque consequatur est labore porro. Ut quia Quis quo quas nulla eum sunt praesentium. Et corporis perspiciatis qui nihil vero in delectus eius est aspernatur rerum nam asperiores voluptas At quia illum. Eum possimus quia in iste nisi ab inventore enim qui sunt suscipit sit debitis doloribus vel pariatur iure est nostrum perferendis. Ex omnis dicta sit dolor veniam ut molestias voluptate et velit consectetur aut dolores laboriosam non odio nihil qui minima laudantium. Sit autem distinctio hic unde temporibus cum quos quas sit modi veritatis. Est repellendus voluptatem ab nisi ipsum ex sunt iure non adipisci iusto et dolores dolor. Sed aperiam delectus ut magnam suscipit et eligendi tempora vel veniam aliquam ut obcaecati perspiciatis. Id velit accusamus ea error eaque est magni ducimus sed ipsum officiis eum perspiciatis voluptas.', 3, 'Wesley', 2, 0),
(17, '../../Resources/Assets/Uploads/download.jpg', 'Teste 4', 'Lorem ipsum dolor sit amet. Sed dolorum atque et sunt aliquam aut modi quidem sed quia voluptatem in omnis maxime ea architecto repellendus eos commodi placeat. A repellat aliquam cum natus eveniet ut deserunt officiis. Est laborum enim non repellendus commodi qui libero voluptatem aut aspernatur fugiat in omnis magni aut quia nobis aut eius molestiae. Ut alias eveniet est facilis velit ad voluptatibus velit est cumque nihil sit veritatis cupiditate et quia quidem. Qui facilis totam At totam incidunt ut cupiditate repellat ea rerum placeat est culpa earum ut doloribus maxime. Cum reiciendis quidem et nihil quibusdam nam voluptate eius et repudiandae sint vel rerum voluptas sed illo nesciunt. Non distinctio fugiat hic quod officiis et consectetur dolor hic harum sunt a quia soluta sit dolor porro in quae veniam. Et omnis impedit et officiis perspiciatis non maxime ipsam ut nihil tempora aut ratione voluptatem aut odit repudiandae. Et nobis quaerat et optio quas sit consequatur voluptatum non necessitatibus beatae et odit doloribus sed accusamus iusto. Nam tempora quis est porro unde aut rerum architecto ea odit molestiae ut harum quibusdam aut totam iste aut inventore mollitia. Eos libero dolorem et magni molestias aut quia adipisci ea voluptatem recusandae ut rerum voluptatibus aut galisum quas et exercitationem minus. Sed veniam vero rem quisquam consequuntur in veniam dignissimos ex animi rerum eum illum soluta ut voluptatibus illo. In autem itaque et error ipsum qui minima sint. Quo quaerat perferendis in sint voluptatem a quibusdam voluptas quo adipisci ipsa eum odio repudiandae sed dolore dolorem et delectus ducimus.\r\n\r\nQui deleniti quae sed amet fugiat hic voluptas perferendis eos quos voluptate est eaque inventore sed modi ipsa aut voluptatem enim. In fugiat recusandae et quisquam voluptatem est adipisci odio est odit praesentium et corrupti commodi. Aut quasi ratione quo ipsam modi At alias adipisci est aliquid nulla aut dolores asperiores id eaque consequatur est labore porro. Ut quia Quis quo quas nulla eum sunt praesentium. Et corporis perspiciatis qui nihil vero in delectus eius est aspernatur rerum nam asperiores voluptas At quia illum. Eum possimus quia in iste nisi ab inventore enim qui sunt suscipit sit debitis doloribus vel pariatur iure est nostrum perferendis. Ex omnis dicta sit dolor veniam ut molestias voluptate et velit consectetur aut dolores laboriosam non odio nihil qui minima laudantium. Sit autem distinctio hic unde temporibus cum quos quas sit modi veritatis. Est repellendus voluptatem ab nisi ipsum ex sunt iure non adipisci iusto et dolores dolor. Sed aperiam delectus ut magnam suscipit et eligendi tempora vel veniam aliquam ut obcaecati perspiciatis. Id velit accusamus ea error eaque est magni ducimus sed ipsum officiis eum perspiciatis voluptas.', 4, 'Wesley', 2, 0),
(18, '../../Resources/Assets/Uploads/download (1).jpg', 'Teste 5', 'Lorem ipsum dolor sit amet. Sed dolorum atque et sunt aliquam aut modi quidem sed quia voluptatem in omnis maxime ea architecto repellendus eos commodi placeat. A repellat aliquam cum natus eveniet ut deserunt officiis. Est laborum enim non repellendus commodi qui libero voluptatem aut aspernatur fugiat in omnis magni aut quia nobis aut eius molestiae. Ut alias eveniet est facilis velit ad voluptatibus velit est cumque nihil sit veritatis cupiditate et quia quidem. Qui facilis totam At totam incidunt ut cupiditate repellat ea rerum placeat est culpa earum ut doloribus maxime. Cum reiciendis quidem et nihil quibusdam nam voluptate eius et repudiandae sint vel rerum voluptas sed illo nesciunt. Non distinctio fugiat hic quod officiis et consectetur dolor hic harum sunt a quia soluta sit dolor porro in quae veniam. Et omnis impedit et officiis perspiciatis non maxime ipsam ut nihil tempora aut ratione voluptatem aut odit repudiandae. Et nobis quaerat et optio quas sit consequatur voluptatum non necessitatibus beatae et odit doloribus sed accusamus iusto. Nam tempora quis est porro unde aut rerum architecto ea odit molestiae ut harum quibusdam aut totam iste aut inventore mollitia. Eos libero dolorem et magni molestias aut quia adipisci ea voluptatem recusandae ut rerum voluptatibus aut galisum quas et exercitationem minus. Sed veniam vero rem quisquam consequuntur in veniam dignissimos ex animi rerum eum illum soluta ut voluptatibus illo. In autem itaque et error ipsum qui minima sint. Quo quaerat perferendis in sint voluptatem a quibusdam voluptas quo adipisci ipsa eum odio repudiandae sed dolore dolorem et delectus ducimus.\r\n\r\nQui deleniti quae sed amet fugiat hic voluptas perferendis eos quos voluptate est eaque inventore sed modi ipsa aut voluptatem enim. In fugiat recusandae et quisquam voluptatem est adipisci odio est odit praesentium et corrupti commodi. Aut quasi ratione quo ipsam modi At alias adipisci est aliquid nulla aut dolores asperiores id eaque consequatur est labore porro. Ut quia Quis quo quas nulla eum sunt praesentium. Et corporis perspiciatis qui nihil vero in delectus eius est aspernatur rerum nam asperiores voluptas At quia illum. Eum possimus quia in iste nisi ab inventore enim qui sunt suscipit sit debitis doloribus vel pariatur iure est nostrum perferendis. Ex omnis dicta sit dolor veniam ut molestias voluptate et velit consectetur aut dolores laboriosam non odio nihil qui minima laudantium. Sit autem distinctio hic unde temporibus cum quos quas sit modi veritatis. Est repellendus voluptatem ab nisi ipsum ex sunt iure non adipisci iusto et dolores dolor. Sed aperiam delectus ut magnam suscipit et eligendi tempora vel veniam aliquam ut obcaecati perspiciatis. Id velit accusamus ea error eaque est magni ducimus sed ipsum officiis eum perspiciatis voluptas.', 5, 'Wesley', 2, 0),
(19, '../../Resources/Assets/Uploads/download.jpg', 'Teste 6', 'Lorem ipsum dolor sit amet. Sed dolorum atque et sunt aliquam aut modi quidem sed quia voluptatem in omnis maxime ea architecto repellendus eos commodi placeat. A repellat aliquam cum natus eveniet ut deserunt officiis. Est laborum enim non repellendus commodi qui libero voluptatem aut aspernatur fugiat in omnis magni aut quia nobis aut eius molestiae. Ut alias eveniet est facilis velit ad voluptatibus velit est cumque nihil sit veritatis cupiditate et quia quidem. Qui facilis totam At totam incidunt ut cupiditate repellat ea rerum placeat est culpa earum ut doloribus maxime. Cum reiciendis quidem et nihil quibusdam nam voluptate eius et repudiandae sint vel rerum voluptas sed illo nesciunt. Non distinctio fugiat hic quod officiis et consectetur dolor hic harum sunt a quia soluta sit dolor porro in quae veniam. Et omnis impedit et officiis perspiciatis non maxime ipsam ut nihil tempora aut ratione voluptatem aut odit repudiandae. Et nobis quaerat et optio quas sit consequatur voluptatum non necessitatibus beatae et odit doloribus sed accusamus iusto. Nam tempora quis est porro unde aut rerum architecto ea odit molestiae ut harum quibusdam aut totam iste aut inventore mollitia. Eos libero dolorem et magni molestias aut quia adipisci ea voluptatem recusandae ut rerum voluptatibus aut galisum quas et exercitationem minus. Sed veniam vero rem quisquam consequuntur in veniam dignissimos ex animi rerum eum illum soluta ut voluptatibus illo. In autem itaque et error ipsum qui minima sint. Quo quaerat perferendis in sint voluptatem a quibusdam voluptas quo adipisci ipsa eum odio repudiandae sed dolore dolorem et delectus ducimus.\r\n\r\nQui deleniti quae sed amet fugiat hic voluptas perferendis eos quos voluptate est eaque inventore sed modi ipsa aut voluptatem enim. In fugiat recusandae et quisquam voluptatem est adipisci odio est odit praesentium et corrupti commodi. Aut quasi ratione quo ipsam modi At alias adipisci est aliquid nulla aut dolores asperiores id eaque consequatur est labore porro. Ut quia Quis quo quas nulla eum sunt praesentium. Et corporis perspiciatis qui nihil vero in delectus eius est aspernatur rerum nam asperiores voluptas At quia illum. Eum possimus quia in iste nisi ab inventore enim qui sunt suscipit sit debitis doloribus vel pariatur iure est nostrum perferendis. Ex omnis dicta sit dolor veniam ut molestias voluptate et velit consectetur aut dolores laboriosam non odio nihil qui minima laudantium. Sit autem distinctio hic unde temporibus cum quos quas sit modi veritatis. Est repellendus voluptatem ab nisi ipsum ex sunt iure non adipisci iusto et dolores dolor. Sed aperiam delectus ut magnam suscipit et eligendi tempora vel veniam aliquam ut obcaecati perspiciatis. Id velit accusamus ea error eaque est magni ducimus sed ipsum officiis eum perspiciatis voluptas.', 6, 'Mel', 3, 0),
(20, '../../Resources/Assets/Uploads/download.jpg', 'Teste 7', 'Lorem ipsum dolor sit amet. Sed dolorum atque et sunt aliquam aut modi quidem sed quia voluptatem in omnis maxime ea architecto repellendus eos commodi placeat. A repellat aliquam cum natus eveniet ut deserunt officiis. Est laborum enim non repellendus commodi qui libero voluptatem aut aspernatur fugiat in omnis magni aut quia nobis aut eius molestiae. Ut alias eveniet est facilis velit ad voluptatibus velit est cumque nihil sit veritatis cupiditate et quia quidem. Qui facilis totam At totam incidunt ut cupiditate repellat ea rerum placeat est culpa earum ut doloribus maxime. Cum reiciendis quidem et nihil quibusdam nam voluptate eius et repudiandae sint vel rerum voluptas sed illo nesciunt. Non distinctio fugiat hic quod officiis et consectetur dolor hic harum sunt a quia soluta sit dolor porro in quae veniam. Et omnis impedit et officiis perspiciatis non maxime ipsam ut nihil tempora aut ratione voluptatem aut odit repudiandae. Et nobis quaerat et optio quas sit consequatur voluptatum non necessitatibus beatae et odit doloribus sed accusamus iusto. Nam tempora quis est porro unde aut rerum architecto ea odit molestiae ut harum quibusdam aut totam iste aut inventore mollitia. Eos libero dolorem et magni molestias aut quia adipisci ea voluptatem recusandae ut rerum voluptatibus aut galisum quas et exercitationem minus. Sed veniam vero rem quisquam consequuntur in veniam dignissimos ex animi rerum eum illum soluta ut voluptatibus illo. In autem itaque et error ipsum qui minima sint. Quo quaerat perferendis in sint voluptatem a quibusdam voluptas quo adipisci ipsa eum odio repudiandae sed dolore dolorem et delectus ducimus.\r\n\r\nQui deleniti quae sed amet fugiat hic voluptas perferendis eos quos voluptate est eaque inventore sed modi ipsa aut voluptatem enim. In fugiat recusandae et quisquam voluptatem est adipisci odio est odit praesentium et corrupti commodi. Aut quasi ratione quo ipsam modi At alias adipisci est aliquid nulla aut dolores asperiores id eaque consequatur est labore porro. Ut quia Quis quo quas nulla eum sunt praesentium. Et corporis perspiciatis qui nihil vero in delectus eius est aspernatur rerum nam asperiores voluptas At quia illum. Eum possimus quia in iste nisi ab inventore enim qui sunt suscipit sit debitis doloribus vel pariatur iure est nostrum perferendis. Ex omnis dicta sit dolor veniam ut molestias voluptate et velit consectetur aut dolores laboriosam non odio nihil qui minima laudantium. Sit autem distinctio hic unde temporibus cum quos quas sit modi veritatis. Est repellendus voluptatem ab nisi ipsum ex sunt iure non adipisci iusto et dolores dolor. Sed aperiam delectus ut magnam suscipit et eligendi tempora vel veniam aliquam ut obcaecati perspiciatis. Id velit accusamus ea error eaque est magni ducimus sed ipsum officiis eum perspiciatis voluptas.', 7, 'Mel', 3, 0),
(21, '../../Resources/Assets/Uploads/download.jpg', 'Teste 8', 'Lorem ipsum dolor sit amet. Sed dolorum atque et sunt aliquam aut modi quidem sed quia voluptatem in omnis maxime ea architecto repellendus eos commodi placeat. A repellat aliquam cum natus eveniet ut deserunt officiis. Est laborum enim non repellendus commodi qui libero voluptatem aut aspernatur fugiat in omnis magni aut quia nobis aut eius molestiae. Ut alias eveniet est facilis velit ad voluptatibus velit est cumque nihil sit veritatis cupiditate et quia quidem. Qui facilis totam At totam incidunt ut cupiditate repellat ea rerum placeat est culpa earum ut doloribus maxime. Cum reiciendis quidem et nihil quibusdam nam voluptate eius et repudiandae sint vel rerum voluptas sed illo nesciunt. Non distinctio fugiat hic quod officiis et consectetur dolor hic harum sunt a quia soluta sit dolor porro in quae veniam. Et omnis impedit et officiis perspiciatis non maxime ipsam ut nihil tempora aut ratione voluptatem aut odit repudiandae. Et nobis quaerat et optio quas sit consequatur voluptatum non necessitatibus beatae et odit doloribus sed accusamus iusto. Nam tempora quis est porro unde aut rerum architecto ea odit molestiae ut harum quibusdam aut totam iste aut inventore mollitia. Eos libero dolorem et magni molestias aut quia adipisci ea voluptatem recusandae ut rerum voluptatibus aut galisum quas et exercitationem minus. Sed veniam vero rem quisquam consequuntur in veniam dignissimos ex animi rerum eum illum soluta ut voluptatibus illo. In autem itaque et error ipsum qui minima sint. Quo quaerat perferendis in sint voluptatem a quibusdam voluptas quo adipisci ipsa eum odio repudiandae sed dolore dolorem et delectus ducimus.\r\n\r\nQui deleniti quae sed amet fugiat hic voluptas perferendis eos quos voluptate est eaque inventore sed modi ipsa aut voluptatem enim. In fugiat recusandae et quisquam voluptatem est adipisci odio est odit praesentium et corrupti commodi. Aut quasi ratione quo ipsam modi At alias adipisci est aliquid nulla aut dolores asperiores id eaque consequatur est labore porro. Ut quia Quis quo quas nulla eum sunt praesentium. Et corporis perspiciatis qui nihil vero in delectus eius est aspernatur rerum nam asperiores voluptas At quia illum. Eum possimus quia in iste nisi ab inventore enim qui sunt suscipit sit debitis doloribus vel pariatur iure est nostrum perferendis. Ex omnis dicta sit dolor veniam ut molestias voluptate et velit consectetur aut dolores laboriosam non odio nihil qui minima laudantium. Sit autem distinctio hic unde temporibus cum quos quas sit modi veritatis. Est repellendus voluptatem ab nisi ipsum ex sunt iure non adipisci iusto et dolores dolor. Sed aperiam delectus ut magnam suscipit et eligendi tempora vel veniam aliquam ut obcaecati perspiciatis. Id velit accusamus ea error eaque est magni ducimus sed ipsum officiis eum perspiciatis voluptas.', 8, 'Mel', 3, 0),
(22, '../../Resources/Assets/Uploads/download.jpg', 'Teste 9', 'Lorem ipsum dolor sit amet. Sed dolorum atque et sunt aliquam aut modi quidem sed quia voluptatem in omnis maxime ea architecto repellendus eos commodi placeat. A repellat aliquam cum natus eveniet ut deserunt officiis. Est laborum enim non repellendus commodi qui libero voluptatem aut aspernatur fugiat in omnis magni aut quia nobis aut eius molestiae. Ut alias eveniet est facilis velit ad voluptatibus velit est cumque nihil sit veritatis cupiditate et quia quidem. Qui facilis totam At totam incidunt ut cupiditate repellat ea rerum placeat est culpa earum ut doloribus maxime. Cum reiciendis quidem et nihil quibusdam nam voluptate eius et repudiandae sint vel rerum voluptas sed illo nesciunt. Non distinctio fugiat hic quod officiis et consectetur dolor hic harum sunt a quia soluta sit dolor porro in quae veniam. Et omnis impedit et officiis perspiciatis non maxime ipsam ut nihil tempora aut ratione voluptatem aut odit repudiandae. Et nobis quaerat et optio quas sit consequatur voluptatum non necessitatibus beatae et odit doloribus sed accusamus iusto. Nam tempora quis est porro unde aut rerum architecto ea odit molestiae ut harum quibusdam aut totam iste aut inventore mollitia. Eos libero dolorem et magni molestias aut quia adipisci ea voluptatem recusandae ut rerum voluptatibus aut galisum quas et exercitationem minus. Sed veniam vero rem quisquam consequuntur in veniam dignissimos ex animi rerum eum illum soluta ut voluptatibus illo. In autem itaque et error ipsum qui minima sint. Quo quaerat perferendis in sint voluptatem a quibusdam voluptas quo adipisci ipsa eum odio repudiandae sed dolore dolorem et delectus ducimus.\r\n\r\nQui deleniti quae sed amet fugiat hic voluptas perferendis eos quos voluptate est eaque inventore sed modi ipsa aut voluptatem enim. In fugiat recusandae et quisquam voluptatem est adipisci odio est odit praesentium et corrupti commodi. Aut quasi ratione quo ipsam modi At alias adipisci est aliquid nulla aut dolores asperiores id eaque consequatur est labore porro. Ut quia Quis quo quas nulla eum sunt praesentium. Et corporis perspiciatis qui nihil vero in delectus eius est aspernatur rerum nam asperiores voluptas At quia illum. Eum possimus quia in iste nisi ab inventore enim qui sunt suscipit sit debitis doloribus vel pariatur iure est nostrum perferendis. Ex omnis dicta sit dolor veniam ut molestias voluptate et velit consectetur aut dolores laboriosam non odio nihil qui minima laudantium. Sit autem distinctio hic unde temporibus cum quos quas sit modi veritatis. Est repellendus voluptatem ab nisi ipsum ex sunt iure non adipisci iusto et dolores dolor. Sed aperiam delectus ut magnam suscipit et eligendi tempora vel veniam aliquam ut obcaecati perspiciatis. Id velit accusamus ea error eaque est magni ducimus sed ipsum officiis eum perspiciatis voluptas.', 9, 'Mel', 3, 0);

-- --------------------------------------------------------

--
-- Estrutura da tabela `log_cad`
--

CREATE TABLE `log_cad` (
  `id` int(11) NOT NULL,
  `nome` varchar(255) NOT NULL,
  `email` varchar(255) NOT NULL,
  `senha` varchar(255) NOT NULL
) ENGINE=InnoDB DEFAULT CHARSET=utf8 COLLATE=utf8_unicode_ci;

--
-- Extraindo dados da tabela `log_cad`
--

INSERT INTO `log_cad` (`id`, `nome`, `email`, `senha`) VALUES
(2, 'Wesley', 'wesley@gmail.com', '12345'),
(3, 'Mel', 'melyssa@gmail.com', '12345'),
(4, 'Régis', 'registro@gmail.com', '12345'),
(5, 'Mateus', 'mateus@gmail.com', '12345'),
(6, 'Kaua', 'silva@gmail.com', '12345'),
(7, 'Fábio', 'fabinho@gmail.com', '12345'),
(8, 'Maria', 'Vitoria@gmail.com', '12345'),
(9, 'Ana', 'beatriz@gmail.com', '12345'),
(10, 'Jojo', 'jonathas@gmail.com', '12345'),
(11, 'Berna', 'rafael@gmail.com', '12345');

--
-- Índices para tabelas despejadas
--

--
-- Índices para tabela `capitulos`
--
ALTER TABLE `capitulos`
  ADD PRIMARY KEY (`id_capitulo`),
  ADD KEY `capitulos_fanfic_id_FK` (`fanfic_id`);

--
-- Índices para tabela `categoria`
--
ALTER TABLE `categoria`
  ADD PRIMARY KEY (`id_categoria`);

--
-- Índices para tabela `fanfic`
--
ALTER TABLE `fanfic`
  ADD PRIMARY KEY (`id_fanfic`),
  ADD KEY `fanfic_categoria_id_FK` (`categoria_id`),
  ADD KEY `fanfic_user_id_FK` (`user_id`);

--
-- Índices para tabela `log_cad`
--
ALTER TABLE `log_cad`
  ADD PRIMARY KEY (`id`);

--
-- AUTO_INCREMENT de tabelas despejadas
--

--
-- AUTO_INCREMENT de tabela `capitulos`
--
ALTER TABLE `capitulos`
  MODIFY `id_capitulo` int(11) NOT NULL AUTO_INCREMENT, AUTO_INCREMENT=35;

--
-- AUTO_INCREMENT de tabela `categoria`
--
ALTER TABLE `categoria`
  MODIFY `id_categoria` int(11) NOT NULL AUTO_INCREMENT, AUTO_INCREMENT=11;

--
-- AUTO_INCREMENT de tabela `fanfic`
--
ALTER TABLE `fanfic`
  MODIFY `id_fanfic` int(11) NOT NULL AUTO_INCREMENT, AUTO_INCREMENT=23;

--
-- AUTO_INCREMENT de tabela `log_cad`
--
ALTER TABLE `log_cad`
  MODIFY `id` int(11) NOT NULL AUTO_INCREMENT, AUTO_INCREMENT=12;

--
-- Restrições para despejos de tabelas
--

--
-- Limitadores para a tabela `capitulos`
--
ALTER TABLE `capitulos`
  ADD CONSTRAINT `capitulos_fanfic_id_FK` FOREIGN KEY (`fanfic_id`) REFERENCES `fanfic` (`id_fanfic`);

--
-- Limitadores para a tabela `fanfic`
--
ALTER TABLE `fanfic`
  ADD CONSTRAINT `fanfic_categoria_id_FK` FOREIGN KEY (`categoria_id`) REFERENCES `categoria` (`id_categoria`),
  ADD CONSTRAINT `fanfic_user_id_FK` FOREIGN KEY (`user_id`) REFERENCES `log_cad` (`id`);
COMMIT;

/*!40101 SET CHARACTER_SET_CLIENT=@OLD_CHARACTER_SET_CLIENT */;
/*!40101 SET CHARACTER_SET_RESULTS=@OLD_CHARACTER_SET_RESULTS */;
/*!40101 SET COLLATION_CONNECTION=@OLD_COLLATION_CONNECTION */;
